Date,SOFR1M,SOFR3M,SOFR6M
2022-01-03,0.0536072144,0.0820942217,0.1965048849
2022-01-04,0.0536918818,0.0838948604,0.1977333329
2022-01-05,0.0533797948,0.0889160341,0.2206441336
2022-01-06,0.0533946059,0.1008519667,0.2417453895
2022-01-07,0.057296888,0.099921504,0.2344728493
2022-01-10,0.0591389161,0.1112620266,0.2498246287
2022-01-11,0.052289582,0.1040249648,0.2484491904
2022-01-12,0.0504883101,0.1046768958,0.2572270188
2022-01-13,0.0485394419,0.1139994822,0.267565731
2022-01-14,0.0529054852,0.1195775199,0.2877762578
2022-01-18,0.050377528,0.1358268507,0.3251362157
2022-01-19,0.0504294636,0.1397146986,0.3264514298
2022-01-20,0.043721618,0.1425467908,0.3342630592
2022-01-21,0.0449052848,0.1362178521,0.3215003592
2022-01-24,0.0441968601,0.1364913102,0.3150154571
2022-01-25,0.0650902041,0.140383821,0.3357180826
2022-01-26,0.0525363169,0.1493521236,0.3565697111
2022-01-27,0.0529395874,0.1682051096,0.4102235036
2022-01-28,0.0517801794,0.1738573336,0.4138040939
2022-01-31,0.0502455681,0.1718023559,0.4174964412
2022-02-01,0.0470302347,0.1781458703,0.4186094415
2022-02-02,0.0461589143,0.1793744083,0.412382046
2022-02-03,0.0472141902,0.2120875628,0.4474187688
2022-02-04,0.0651009559,0.2573853508,0.5241209684
2022-02-07,0.0534281015,0.2425428299,0.5123674644
2022-02-08,0.0581252696,0.2578175227,0.5284958867
2022-02-09,0.0476159543,0.2523887656,0.528582457
2022-02-10,0.161634335,0.4025235432,0.6917870878
2022-02-11,0.1110368061,0.3435315327,0.6496032409
2022-02-14,0.0758865315,0.3493085836,0.6792670451
2022-02-15,0.0710772867,0.3422059818,0.6553535367
2022-02-16,0.065668322,0.326605149,0.6302533255
2022-02-17,0.0801366151,0.3454707288,0.6300943107
2022-02-18,0.0772548914,0.3329349552,0.6150655917
2022-02-22,0.1440940689,0.4021586971,0.681414357
2022-02-23,0.1477864375,0.4045263411,0.6810470668
2022-02-24,0.1696592084,0.3787866558,0.6258552732
2022-02-25,0.2116343565,0.4107572501,0.6617054061
2022-02-28,0.2304689557,0.373495425,0.5842846562
2022-03-01,0.2204595582,0.3437331444,0.5235684964
2022-03-02,0.2266488755,0.3906259629,0.6440252351
2022-03-03,0.2606069318,0.4047980046,0.6582332873
2022-03-04,0.2748903001,0.4113029232,0.653049384
2022-03-07,0.2898433507,0.4124215501,0.6744768307
2022-03-08,0.2902703233,0.4183773373,0.6921273613
2022-03-09,0.275799215,0.4538884674,0.7260322106
2022-03-10,0.2829230243,0.4664715344,0.7506095302
2022-03-11,0.3197913303,0.4752184089,0.76490527
2022-03-14,0.3505397291,0.5258744531,0.8312244239
2022-03-15,0.3584156654,0.5179485911,0.827683272
2022-03-16,0.3495620469,0.5304927404,0.8691749508
2022-03-17,0.3494093094,0.500265699,0.8397039151
2022-03-18,0.377339997,0.5166139185,0.8670084931
2022-03-21,0.3646749971,0.5665299398,0.9568781777
2022-03-22,0.3667216363,0.5710764005,0.9737575937
2022-03-23,0.3636229788,0.5817453876,0.9693766071
2022-03-24,0.3764538996,0.5941446868,1.0045904588
2022-03-25,0.2811685068,0.6240458411,1.0518895704
2022-03-28,0.2891629992,0.6486999838,1.0813198829
2022-03-29,0.2887738874,0.6251893962,1.0489072145
2022-03-30,0.3000422756,0.6226421689,1.0439077495
2022-03-31,0.3082770696,0.6509378514,1.0548177465
2022-04-01,0.3333166693,0.6628458464,1.0927815505
2022-04-04,0.3305641362,0.6881439321,1.1150654414
2022-04-05,0.3479299207,0.7073801831,1.1430535506
2022-04-06,0.3538923312,0.7240262485,1.1809235158
2022-04-07,0.3740075707,0.7573930829,1.1948351937
2022-04-08,0.3996454362,0.7666415352,1.2162220477
2022-04-11,0.3933043743,0.7939832005,1.2264321376
2022-04-12,0.4021014138,0.7840976991,1.199606082
2022-04-13,0.4388152971,0.8282845428,1.2271699348
2022-04-14,0.4720258419,0.8423994191,1.2645172553
2022-04-18,0.4558727018,0.8604168168,1.2744264301
2022-04-19,0.4817772541,0.8818895523,1.3160397701
2022-04-20,0.4831137414,0.9039559101,1.3612890595
2022-04-21,0.5290990606,0.9693218722,1.4393622985
2022-04-22,0.5621823433,1.0005359631,1.5194932837
2022-04-25,0.7967663273,0.9109178249,1.5040025527
2022-04-26,0.7683844297,0.9221279787,1.4926084107
2022-04-27,0.7575696548,0.938786135,1.5043203877
2022-04-28,0.7491094488,1.0075556678,1.5553688597
2022-04-29,0.7644416546,1.0784434932,1.610151172
2022-05-02,0.7678241603,1.1872016152,1.5861730602
2022-05-03,0.7998680047,1.0872825895,1.6427868578
2022-05-04,0.7977528497,1.0839370877,1.5907368232
2022-05-05,0.8039232422,1.1148873858,1.6293066029
2022-05-06,0.7995263485,1.0864294683,1.6209189999
2022-05-09,0.7796017327,1.1119222213,1.6107090247
2022-05-10,0.7852756744,1.1362868599,1.6302114057
2022-05-11,0.7833286289,1.1732218519,1.6499805097
2022-05-12,0.7906988581,1.1813268558,1.6322390285
2022-05-13,0.7750072422,1.1681596771,1.6739137112
2022-05-16,0.7984212095,1.199374546,1.6801737359
2022-05-17,0.8053242863,1.2241774161,1.7360407645
2022-05-18,0.7962868246,1.2420620762,1.7314971789
2022-05-19,0.7908120833,1.2484636995,1.7321506778
2022-05-20,0.7483560551,1.2340068675,1.7301997625
2022-05-23,0.8301849032,1.2837523296,1.7565758328
2022-05-24,0.9662665571,1.3415015321,1.7242432121
2022-05-25,0.9714069499,1.354745813,1.7214151531
2022-05-26,1.0594679557,1.3900113844,1.7474087635
2022-05-27,1.0803745826,1.3914637055,1.7478740238
2022-05-31,1.1343876972,1.4024381303,1.7869853998
2022-06-01,1.1457468797,1.4319361925,1.8319443757
2022-06-02,1.2079517176,1.4531259618,1.8540465279
2022-06-03,1.2927457872,1.4680787044,1.8596224164
2022-06-06,1.2418743831,1.481346298,1.8895740999
2022-06-07,1.2877705601,1.4906947293,1.8889467045
2022-06-08,1.220042541,1.5161869071,1.9280827743
2022-06-09,1.245710582,1.5358675057,1.9550135035
2022-06-10,1.3791513356,1.5997571118,2.0973093629
2022-06-13,1.3556510267,1.6478551236,2.1994615242
2022-06-14,1.5558950566,1.8760977984,2.4773233599
2022-06-15,1.5189191363,1.8920693264,2.4585613251
2022-06-16,1.6580514415,1.9305145287,2.5116137985
2022-06-17,1.9125192382,1.9378111813,2.5240264
2022-06-21,1.6661191283,1.9729401052,2.5635146794
2022-06-22,1.6521826182,1.9592712934,2.5338298558
2022-06-23,1.6874740367,1.9891485506,2.5513850834
2022-06-24,1.6085690673,2.00381761,2.5315179253
2022-06-27,1.6258823378,2.0431370178,2.5726116529
2022-06-28,1.6323171616,2.0456919007,2.576713455
2022-06-29,1.6425176437,2.0630409031,2.5971776284
2022-06-30,1.6718771763,2.0804297663,2.5777129102
2022-07-01,1.837724711,2.0904898803,2.6005171329
2022-07-05,1.7131844261,2.1171022543,2.5848659236
2022-07-06,1.7350821594,2.1778731417,2.6360064945
2022-07-07,1.7796005575,2.2136078296,2.685557662
2022-07-08,1.9208789258,2.2447829816,2.7551022647
2022-07-11,1.8488729286,2.2756255623,2.7611119504
2022-07-12,1.8580404452,2.2863181298,2.7714057473
2022-07-13,1.9362425948,2.4883194602,3.011752772
2022-07-14,1.9563377281,2.4459320597,2.9515643341
2022-07-15,2.0985459737,2.3974826367,2.8935278841
2022-07-18,2.0246917171,2.4328985966,2.90270122
2022-07-19,2.0499503143,2.4635297582,2.9471673242
2022-07-20,2.0783712195,2.4917151677,2.9587727053
2022-07-21,2.1148998576,2.4929078619,2.9240940511
2022-07-22,2.3477070228,2.4494847009,2.8932182798
2022-07-25,2.4436776855,2.4651028953,2.9426400931
2022-07-26,2.4402579295,2.4801368774,2.9401469824
2022-07-27,2.3961228484,2.469110756,2.8871893942
2022-07-28,2.361611994,2.4764647213,2.8713858349
2022-07-29,2.3526640647,2.4855133777,2.8876246981
2022-08-01,2.3322889,2.4984403332,2.8994456559
2022-08-02,2.3349166523,2.5250611212,2.9619755785
2022-08-03,2.3409229366,2.5557657101,2.9807931844
2022-08-04,2.32233613,2.5524171208,2.9721613363
2022-08-05,2.4439025467,2.5862044141,3.1012249952
2022-08-08,2.3327668627,2.6369218462,3.1007514009
2022-08-09,2.3425953404,2.6824607372,3.1317530119
2022-08-10,2.3296949275,2.6407345599,3.0707349146
2022-08-11,2.2945251489,2.6489653251,3.0915388969
2022-08-12,2.3414668862,2.6210023001,3.1038452878
2022-08-15,2.290356766,2.66664601,3.0922504117
2022-08-16,2.2967437564,2.6821181066,3.1165295806
2022-08-17,2.2896736968,2.7003436802,3.1226043291
2022-08-18,2.2693339046,2.7152057701,3.1248850383
2022-08-19,2.2401735911,2.6904394081,3.1454921263
2022-08-22,2.2965404012,2.782631138,3.1996682003
2022-08-23,2.2840212738,2.7778227165,3.2020948115
2022-08-24,2.2913384595,2.8257954543,3.2365767624
2022-08-25,2.3668915949,2.8767030682,3.2616838409
2022-08-26,2.3699804868,2.8861493163,3.265519982
2022-08-29,2.3754131713,2.9210999695,3.3151794649
2022-08-30,2.4076238705,2.9396688485,3.336917641
2022-08-31,2.4115635434,2.9465186977,3.3396577533
2022-09-01,2.4690089574,3.0222535615,3.4057204202
2022-09-02,2.772112479,3.0298404727,3.3344775244
2022-09-06,2.5408127114,3.057034071,3.4345979539
2022-09-07,2.5432591636,3.0754002385,3.439812995
2022-09-08,2.6002807964,3.1492103819,3.4928370705
2022-09-09,2.8868647862,3.1959868482,3.5418636943
2022-09-12,2.6663052196,3.2021919076,3.5573260898
2022-09-13,2.7898007833,3.3512369809,3.7750053476
2022-09-14,2.7378193361,3.3792246817,3.812145948
2022-09-15,2.793097137,3.4321169886,3.8706365274
2022-09-16,3.0632329607,3.4387422288,3.8452098097
2022-09-19,2.8793953243,3.4649858577,3.885730367
2022-09-20,2.936542722,3.4720222308,3.8880892392
2022-09-21,3.0343272244,3.4686808649,3.9241361193
2022-09-22,2.9955256548,3.5317006559,3.9883500065
2022-09-23,3.3465608453,3.5136931694,4.0047355116
2022-09-26,3.1090353733,3.5474065483,3.9983274439
2022-09-27,3.1265777371,3.5253325356,3.9650978112
2022-09-28,3.1141853628,3.5082268117,3.9181327197
2022-09-29,3.135229819,3.5444723937,3.9511899244
2022-09-30,3.1497755336,3.569531431,3.980801894
2022-10-03,3.1776458102,3.5893308783,3.9842173948
2022-10-04,3.1959985842,3.630529467,4.0272367916
2022-10-05,3.1987677463,3.6561892476,4.0485217134
2022-10-06,3.2767354954,3.7134507087,4.1048648205
2022-10-07,3.5671890555,3.7071357788,4.1754263922
2022-10-10,3.285338838,3.7502814735,4.1717661132
2022-10-11,3.3041693006,3.7782623354,4.1985210572
2022-10-12,3.3115453488,3.8136852752,4.2089009154
2022-10-13,3.369357432,3.9020024763,4.3623506282
2022-10-14,3.6091699092,3.8805590383,4.3976852337
2022-10-17,3.431966949,3.9248502487,4.391997807
2022-10-18,3.4446374175,3.9397598023,4.3911591267
2022-10-19,3.4640814158,3.9890802677,4.4400446111
2022-10-20,3.5339962517,4.0260022809,4.4831244943
2022-10-21,3.840691122,3.9370091562,4.4154456341
2022-10-24,3.6287867991,4.0336788049,4.4544484762
2022-10-25,3.9540374704,3.9546628361,4.463403277
2022-10-26,3.9240191684,3.969715128,4.4254172275
2022-10-27,3.8854225013,3.9749459457,4.4112593626
2022-10-28,3.8617853049,4.0497613661,4.4727977975
2022-10-31,3.8682980622,4.0911951413,4.5192096671
2022-11-01,3.888563016,4.1095869072,4.5473014414
2022-11-02,3.9168204613,4.1345898913,4.5507365845
2022-11-03,3.9312595963,4.1672826737,4.6061413865
2022-11-04,4.0899791695,4.0916309103,4.5816043334
2022-11-07,3.9152700211,4.1804642486,4.6094291938
2022-11-08,3.8992289766,4.1784154091,4.596435054
2022-11-09,3.8794563132,4.2063864233,4.6118680559
2022-11-10,4.01780561,4.0921966221,4.5342279142
2022-11-11,3.9794423867,4.1219144717,4.5309785882
2022-11-14,3.9009263505,4.1985246398,4.5515560322
2022-11-15,3.9004790525,4.2081597419,4.5466496227
2022-11-16,3.897747532,4.2604909479,4.5538228152
2022-11-17,3.927209038,4.285004187,4.6013466808
2022-11-18,3.9356806891,4.3025309837,4.6326988132
2022-11-21,3.9641346018,4.3285054266,4.6524124393
2022-11-22,4.0037438872,4.3700505401,4.6843524354
2022-11-23,3.9039390213,4.3428433174,4.6959945996
2022-11-25,3.8974488836,4.3407897838,4.6958463519
2022-11-28,3.8824442964,4.3442995646,4.6985886435
2022-11-29,3.8540304284,4.3453638526,4.6925797583
2022-11-30,3.8480814135,4.3455703452,4.6763771781
2022-12-01,3.8259646848,4.3740470391,4.6475496378
2022-12-02,3.8337095031,4.3863159465,4.6786460871
2022-12-05,3.8445883104,4.4113776334,4.7225329231
2022-12-06,3.8448658766,4.4182652063,4.7122405866
2022-12-07,4.2109501295,4.4475709665,4.6852499615
2022-12-08,3.8196747096,4.46738953,4.7192708268
2022-12-09,3.8452425381,4.4817978004,4.7314076811
2022-12-12,3.8786398019,4.5071305931,4.7580559202
2022-12-13,3.8638564332,4.4885150051,4.6895362329
2022-12-14,3.998835655,4.4660158578,4.6704627797
2022-12-15,4.0408605022,4.5048455997,4.7063314483
2022-12-16,4.0054495799,4.5120257442,4.6836547293
2022-12-19,3.9860769525,4.5412291001,4.7172118173
2022-12-20,3.9603712479,4.5572935439,4.7223237951
2022-12-21,3.9314667617,4.5586449267,4.7098424017
2022-12-22,4.0146137861,4.624940161,4.7577924128
2022-12-23,4.3077751084,4.5728687134,4.7595544239
2022-12-27,4.3088831476,4.5905863243,4.7997080925
2022-12-28,4.3114428705,4.5846384674,4.7759206891
2022-12-29,4.330287588,4.5991152292,4.7821315822
2022-12-30,4.346732859,4.6012568679,4.8009128137
2023-01-03,4.3483591838,4.6101824223,4.8043106442
2023-01-04,4.3483973472,4.6158486172,4.8083054702
2023-01-05,4.3724580538,4.6536458677,4.8484940983
2023-01-06,4.3711005117,4.6325913419,4.8096561797
2023-01-09,4.3869079487,4.6294788377,4.7964587058
2023-01-10,4.3902811031,4.6355507129,4.803684962
2023-01-11,4.3917302942,4.6411157566,4.8078549306
2023-01-12,4.4158264809,4.634736627,4.7863282924
2023-01-13,4.4338600778,4.6382633231,4.7969704892
2023-01-17,4.4339144508,4.6395063799,4.7895228097
2023-01-18,4.4397108669,4.6427512988,4.7733310713
2023-01-19,4.4615666926,4.6658051388,4.796880129
2023-01-20,4.4673723156,4.665497897,4.8032238832
2023-01-23,4.4816375518,4.6751662404,4.821794223
2023-01-24,4.483175249,4.674909788,4.8156395078
2023-01-25,4.5962942839,4.6231773144,4.802977623
2023-01-26,4.5831352635,4.636270422,4.8188913217
2023-01-27,4.5720797133,4.6591694434,4.8231560924
2023-01-30,4.5686574324,4.6721858507,4.8365072709
2023-01-31,4.5671601971,4.6720349346,4.8246647195
2023-02-01,4.5674117521,4.6739959116,4.8209103622
2023-02-02,4.5728697405,4.6859441316,4.8180925921
2023-02-03,4.5681754489,4.7042203559,4.8855643601
2023-02-06,4.5643694102,4.7173116177,4.9299688468
2023-02-07,4.5623550275,4.7263684561,4.9472093584
2023-02-08,4.5535525503,4.7243019009,4.9506084335
2023-02-09,4.5520992268,4.7468967087,4.9681215804
2023-02-10,4.5535698819,4.747241945,4.973357901
2023-02-13,4.554285452,4.7507073291,4.9864031173
2023-02-14,4.5551911843,4.7587813766,5.0158250294
2023-02-15,4.5564029565,4.7623474318,5.0038120477
2023-02-16,4.5629301963,4.7875470031,5.0143012548
2023-02-17,4.5690131019,4.8076279194,5.0552379039
2023-02-21,4.5748553423,4.828422812,5.0939314513
2023-02-22,4.4637016915,4.7647696233,5.1269470613
2023-02-23,4.4141017104,4.8126767766,5.1282448903
2023-02-24,4.4040200097,4.8046501066,5.1391057398
2023-02-27,4.6462125801,4.8837526668,5.1376160888
2023-02-28,4.64909193,4.8880300364,5.1492079215
2023-03-01,4.6527077793,4.9125263606,5.1754680766
2023-03-02,4.6805828407,4.9265623675,5.1814657009
2023-03-03,4.7040613541,4.9356722719,5.1878330115
2023-03-06,4.7064184187,4.9531965766,5.2107650938
2023-03-07,4.756877011,5.0577057625,5.3540914374
2023-03-08,4.7614490336,5.1064887167,5.3979776088
2023-03-09,4.7798571104,5.0990002532,5.3616051523
2023-03-10,4.7435666038,5.0142835488,5.1843473257
2023-03-13,4.6358203224,4.7328379737,4.6160463396
2023-03-14,4.71095864,4.8380693207,4.7862468856
2023-03-15,4.6806102708,4.7750113632,4.615410872
2023-03-16,4.7374758699,4.8516683594,4.8098221222
2023-03-17,4.7229418222,4.7702369674,4.5995107972
2023-03-20,4.7651238978,4.8324006941,4.6843074981
2023-03-21,4.7768027725,4.8851938362,4.8803576934
2023-03-22,4.8156053938,4.9039310358,4.8545976796
2023-03-23,4.8249834519,4.8591722918,4.7458369479
2023-03-24,4.8113347703,4.8365427511,4.7349769748
2023-03-27,4.800843989,4.9074456375,4.8651344054
2023-03-28,4.7985227087,4.8896283712,4.8556908643
2023-03-29,4.7999278019,4.8874548633,4.8710455647
2023-03-30,4.810512236,4.901554686,4.8926593717
2023-03-31,4.8114155528,4.9144282609,4.9071280799
2023-04-03,4.8215898438,4.9377614033,4.945427385
2023-04-04,4.832297414,4.9098575858,4.8619055847
2023-04-05,4.8353007683,4.9042776641,4.8280134774
2023-04-06,4.8361637323,4.9088640092,4.858119804
2023-04-10,4.8298914655,4.9142096022,4.9597611526
2023-04-11,4.8651542043,4.9851840546,4.9832443284
2023-04-12,4.8647490472,4.984771608,4.958075323
2023-04-13,4.8724847652,4.9813026263,4.9471550527
2023-04-14,4.8857995512,5.0209212615,5.0294956056
2023-04-17,4.8950705572,5.0453779904,5.06692033
2023-04-18,4.9117635344,5.0520940756,5.0744255241
2023-04-19,4.9147597085,5.0645132395,5.0984874999
2023-04-20,4.9286853485,5.0615303629,5.0731536042
2023-04-21,4.938162422,5.0697296781,5.0841083662
2023-04-24,5.0307118902,5.052377802,5.0826361395
2023-04-25,4.9982599749,5.004654882,4.99190001
2023-04-26,4.984900884,5.012072638,4.9990018734
2023-04-27,5.0131021164,5.0617452639,5.0813424332
2023-04-28,5.0125929828,5.0571544883,5.0684767327
2023-05-01,5.0313230184,5.0961387131,5.1087654834
2023-05-02,5.0213450001,5.0498540354,5.0084692831
2023-05-03,5.0515364017,5.0827807881,5.0455996563
2023-05-04,5.044847957,5.0393590585,4.9298932063
2023-05-05,5.0510834382,5.0731990902,5.0106378985
2023-05-08,5.058227707,5.0913364537,5.0399779502
2023-05-09,5.0581947335,5.0969017771,5.0515823986
2023-05-10,5.0572556119,5.0776793494,5.0000774877
2023-05-11,5.0634883034,5.0892902415,5.0103767895
2023-05-12,5.0636624295,5.0949601422,5.0406426468
2023-05-15,5.0657852023,5.104079088,5.0528021522
2023-05-16,5.0650115414,5.1073094597,5.0727276602
2023-05-17,5.0719179981,5.1292633514,5.099242103
2023-05-18,5.0822173423,5.164039064,5.1557839563
2023-05-19,5.0746240013,5.1410379535,5.1283537886
2023-05-22,5.0985545818,5.173712306,5.1712030506
2023-05-23,5.1094715349,5.1895445366,5.1880671026
2023-05-24,5.1215474891,5.2265199669,5.2398629583
2023-05-25,5.1410396789,5.2679789825,5.3039838474
2023-05-26,5.1442451583,5.277910771,5.3187037708
2023-05-30,5.1652265595,5.2913603104,5.316788163
2023-05-31,5.1260632005,5.2455314945,5.26407571
2023-06-01,5.1319514726,5.2204552107,5.2267553574
2023-06-02,5.1411168876,5.2481617147,5.2874681498
2023-06-05,5.1318650489,5.2398564303,5.2757286172
2023-06-06,5.1194184096,5.2294473363,5.2689785161
2023-06-07,5.1286169431,5.235178083,5.2702465067
2023-06-08,5.1444544919,5.239060223,5.2637337363
2023-06-09,5.1430672362,5.2480276612,5.2840635355
2023-06-12,5.1394934805,5.256968181,5.3004663539
2023-06-13,5.1130906619,5.2086246446,5.2748489935
2023-06-14,5.0917432822,5.1927310001,5.2800578503
2023-06-15,5.1021085938,5.2036966206,5.2806360301
2023-06-16,5.1047841707,5.2159667723,5.2967628012
2023-06-20,5.1130786933,5.2262153378,5.311915982
2023-06-21,5.1161013652,5.2396078735,5.3236421514
2023-06-22,5.121715082,5.2399953462,5.3319018346
2023-06-23,5.1182007465,5.234823509,5.3183565822
2023-06-26,5.0994281855,5.2419588016,5.3260579428
2023-06-27,5.1671026379,5.2296660459,5.3334646098
2023-06-28,5.0930938077,5.2340996558,5.3339209678
2023-06-29,5.1084531065,5.2644408837,5.3816321149
2023-06-30,5.1198062812,5.2671731404,5.3711420801
2023-07-03,5.1266592149,5.2742216566,5.37976738
2023-07-05,5.1224362969,5.2760381381,5.3718059625
2023-07-06,5.1380808315,5.2907644017,5.4048590051
2023-07-07,5.1449890482,5.2924135002,5.3954857807
2023-07-10,5.1582306355,5.2986981697,5.3947766313
2023-07-11,5.1613354763,5.3065933567,5.4119073543
2023-07-12,5.1627504956,5.3078658918,5.3833251312
2023-07-13,5.1786145817,5.3088066305,5.3682000875
2023-07-14,5.1894813638,5.321041646,5.3921852667
2023-07-17,5.2102236265,5.3330421035,5.3977429544
2023-07-18,5.214810362,5.3357393023,5.4015616229
2023-07-19,5.2194958583,5.3394209558,5.3994126471
2023-07-20,5.2387209125,5.3521145017,5.4173338761
2023-07-21,5.2448190612,5.3488135734,5.410082562
2023-07-24,5.2703159237,5.3545932639,5.4246911615
2023-07-25,5.3238996083,5.3444438375,5.4421989272
2023-07-26,5.325920456,5.3559736301,5.4364267071
2023-07-27,5.3155836131,5.3617837451,5.4376157273
2023-07-28,5.3152125641,5.3601731372,5.427885811
2023-07-31,5.3156449779,5.3615037482,5.4279156803
2023-08-01,5.3159319497,5.3617008749,5.4297104189
2023-08-02,5.3153799916,5.3633215911,5.4231316571
2023-08-03,5.3143216345,5.3646566658,5.4309274272
2023-08-04,5.3102694557,5.3591553182,5.4173290096
2023-08-07,5.3096701591,5.3608724937,5.4176993384
2023-08-08,5.3092418599,5.3643019784,5.4192581968
2023-08-09,5.3087768641,5.3642290355,5.4195959722
2023-08-10,5.308295314,5.3602736633,5.4139137302
2023-08-11,5.3138934791,5.3710802392,5.4311215254
2023-08-14,5.315749657,5.3747378496,5.4428244813
2023-08-15,5.3090697478,5.3717093323,5.4357559306
2023-08-16,5.3152152645,5.3804703445,5.4453752771
2023-08-17,5.3088735281,5.3770895148,5.4362751147
2023-08-18,5.3104925947,5.3717183052,5.4251788739
2023-08-21,5.320514141,5.3845317449,5.4454771618
2023-08-22,5.3206258184,5.3887834241,5.4568128002
2023-08-23,5.3109678851,5.3828519803,5.4410146357
2023-08-24,5.3250607112,5.4026594282,5.4680163479
2023-08-25,5.3291034513,5.4171241023,5.4952715234
2023-08-28,5.3292777829,5.4223423568,5.4999750462
2023-08-29,5.3197293419,5.4022476202,5.4634897069
2023-08-30,5.3226960696,5.3960245058,5.4549242766
2023-08-31,5.3294044664,5.3948043625,5.4407997492
2023-09-01,5.3297362494,5.3897894528,5.434807932
2023-09-05,5.332076506,5.4017767254,5.4637291192
2023-09-06,5.3319320059,5.402882086,5.4679454713
2023-09-07,5.3424839985,5.4045416483,5.4632639848
2023-09-08,5.3444220436,5.4036458559,5.4615053676
2023-09-11,5.3370426991,5.4094103878,5.4718324968
2023-09-12,5.3516818757,5.4078387686,5.4673836088
2023-09-13,5.3353773743,5.4026686704,5.4648390649
2023-09-14,5.3370435233,5.3968338322,5.4585251893
2023-09-15,5.3327147042,5.3904616155,5.4550841988
2023-09-18,5.3332985394,5.3940203672,5.4644209416
2023-09-19,5.3350464437,5.392728368,5.466380596
2023-09-20,5.3268767438,5.391731523,5.4711036448
2023-09-21,5.3315175216,5.3938083616,5.4716664467
2023-09-22,5.3279687678,5.3832505606,5.4618378622
2023-09-25,5.3115340489,5.3831511915,5.4614071164
2023-09-26,5.30934024,5.3815868713,5.4555576935
2023-09-27,5.3091265722,5.3891456256,5.4725379618
2023-09-28,5.3180452839,5.389431942,5.4561690541
2023-09-29,5.3165191117,5.3843901908,5.4512097141
2023-10-02,5.324858027,5.4055842711,5.4797709094
2023-10-03,5.3272141597,5.4130473629,5.4858469202
2023-10-04,5.3215474154,5.3944464147,5.4467692163
2023-10-05,5.3321613424,5.3957191162,5.4401832899
2023-10-06,5.3371383865,5.4173356652,5.4739241614
2023-10-09,5.3058055964,5.3430876784,5.4454828115
2023-10-10,5.3246008038,5.3876644069,5.428997977
2023-10-11,5.3237037631,5.3860301889,5.4341171008
2023-10-12,5.324633604,5.3941243281,5.4538951672
2023-10-13,5.326108904,5.388899708,5.4421186643
2023-10-16,5.3256409011,5.3881465848,5.4495180296
2023-10-17,5.3274509767,5.4069530109,5.4840363722
2023-10-18,5.3236833016,5.3984775149,5.4755357035
2023-10-19,5.3233680095,5.3869070874,5.4511170017
2023-10-20,5.3167044348,5.3725173761,5.4284118159
2023-10-23,5.3212798986,5.37911047,5.4378417656
2023-10-24,5.3213261551,5.3811526998,5.4432859627
2023-10-25,5.3194266914,5.3903687346,5.4501864924
2023-10-26,5.3228552357,5.3820068326,5.4303988795
2023-10-27,5.317577744,5.3771905287,5.4218010243
2023-10-30,5.3182532298,5.3866019727,5.4349606837
2023-10-31,5.3193463349,5.3911401814,5.4459773401
2023-11-01,5.3229389458,5.3860784303,5.4248438199
2023-11-02,5.3232062851,5.3843591817,5.4206225738
2023-11-03,5.3260976427,5.3741728788,5.3818798298
2023-11-06,5.3232930706,5.3749436359,5.3912065624
2023-11-07,5.3278985163,5.3728967252,5.3875299202
2023-11-08,5.3281681757,5.3791246659,5.3969815622
2023-11-09,5.3277627961,5.3832449204,5.4176098774
2023-11-10,5.3231880892,5.3787385244,5.4171222228
2023-11-13,5.322497038,5.3870638902,5.4288836273
2023-11-14,5.3309063977,5.3686170712,5.3604724071
2023-11-15,5.3304420509,5.3748616921,5.3792728193
2023-11-16,5.3310345061,5.3721933857,5.3659580146
2023-11-17,5.3244218365,5.3720854515,5.3705699069
2023-11-20,5.3317850461,5.3781873566,5.376262737
2023-11-21,5.3357468159,5.3817827961,5.3748917013
2023-11-22,5.337543549,5.3882319222,5.3858112253
2023-11-24,5.3420704753,5.3929462697,5.3947275441
2023-11-27,5.3435085149,5.3902411629,5.3880277164
2023-11-28,5.3379800967,5.3815134271,5.3615042933
2023-11-29,5.3377164382,5.3775389263,5.3309614026
2023-11-30,5.339231926,5.3795875999,5.337844027
2023-12-01,5.3374894053,5.3687626457,5.2916080467
2023-12-04,5.354939221,5.3864758219,5.3213253873
2023-12-05,5.3633167115,5.3846759809,5.3011712824
2023-12-06,5.3557764557,5.3766018487,5.2965613971
2023-12-07,5.3601421924,5.3712062371,5.2858868131
2023-12-08,5.3543230414,5.3866488283,5.3330342244
2023-12-11,5.363883412,5.3877365175,5.3341757273
2023-12-12,5.3548385909,5.3907145818,5.3396353938
2023-12-13,5.3590532838,5.38071365,5.2593238979
2023-12-14,5.361187818,5.3688382901,5.2368454555
2023-12-15,5.3624422787,5.3724888024,5.2574649349
2023-12-18,5.3645221521,5.3740202545,5.2549596065
2023-12-19,5.3662988222,5.3730248964,5.2417813444
2023-12-20,5.3638451782,5.3666784088,5.2162464498
2023-12-21,5.3661358191,5.3584876978,5.1943663815
2023-12-22,5.3494151549,5.3578935982,5.1793441332
2023-12-26,5.3447901302,5.3518091493,5.1823741125
2023-12-27,5.3455411535,5.3440496763,5.1637392729
2023-12-28,5.3527703914,5.3401349072,5.1626401597
2023-12-29,5.3496064682,5.3311101248,5.1496135633
2024-01-02,5.3522769107,5.3351652962,5.1704591721
2024-01-03,5.3492698629,5.3431590767,5.1931530037
2024-01-04,5.3469726208,5.3344148751,5.1949815444
2024-01-05,5.3442673807,5.3326473364,5.185654403
2024-01-08,5.3440579737,5.3338368359,5.1847121668
2024-01-09,5.3412933129,5.3332532901,5.1884115842
2024-01-10,5.3426362641,5.3255516894,5.1736175365
2024-01-11,5.346784912,5.3136654804,5.1344580851
2024-01-12,5.3476028972,5.3024763254,5.0864431017
2024-01-16,5.3435627367,5.3115662005,5.1322544844
2024-01-17,5.3436132546,5.3212737098,5.1758967768
2024-01-18,5.3429196038,5.3150778883,5.1612153282
2024-01-19,5.3466371535,5.3229463919,5.1882604345
2024-01-22,5.3487895967,5.3244187674,5.1913164363
2024-01-23,5.3469660277,5.316320943,5.18042104
2024-01-24,5.3492703162,5.3237664151,5.1921306099
2024-01-25,5.325772071,5.3126142847,5.1475709959
2024-01-26,5.3210372149,5.3108641859,5.1581593208
2024-01-29,5.3247175015,5.2995580019,5.1453623327
2024-01-30,5.3254934623,5.3078022614,5.1617394558
2024-01-31,5.3250723067,5.2814581485,5.0956320614
2024-02-01,5.3246691501,5.2812942155,5.099921338
2024-02-02,5.3235853647,5.3084187276,5.1899712146
2024-02-05,5.3243103533,5.3162518267,5.2176698591
2024-02-06,5.3203151358,5.3072782669,5.1943049624
2024-02-07,5.3231411655,5.3112805647,5.1920517707
2024-02-08,5.3229255977,5.3069340781,5.1917444349
2024-02-09,5.3236043907,5.3059914658,5.1993682704
2024-02-12,5.3234842883,5.3093081791,5.2052331518
2024-02-13,5.3232420796,5.3247828462,5.266216681
2024-02-14,5.3173340693,5.3166714768,5.2454128419
2024-02-15,5.3244847281,5.320265608,5.2422074582
2024-02-16,5.3246574825,5.3258994223,5.2635344753
2024-02-20,5.3167863985,5.3209555808,5.2526987268
2024-02-21,5.326771777,5.3288896305,5.2673420227
2024-02-22,5.3262511624,5.3270748232,5.2774538733
2024-02-23,5.3251300296,5.3330099328,5.2813752325
2024-02-26,5.326782408,5.3434866085,5.3036368525
2024-02-27,5.3247527461,5.3388547169,5.2991408003
2024-02-28,5.3197394525,5.3318428048,5.2782225614
2024-02-29,5.3202759386,5.3282943807,5.2729609469
2024-03-01,5.3226279848,5.3147045478,5.2318877128
2024-03-04,5.3183994963,5.3260670811,5.2627885074
2024-03-05,5.3231713531,5.3195470664,5.2410757369
2024-03-06,5.3129607403,5.317874699,5.2432640706
2024-03-07,5.322925964,5.3089152382,5.2216265866
2024-03-08,5.3191134769,5.3116953655,5.2219770523
2024-03-11,5.3162017627,5.3225976346,5.2360944224
2024-03-12,5.3215044044,5.3327611605,5.2544733176
2024-03-13,5.3278879094,5.3326574774,5.2613846955
2024-03-14,5.3294797338,5.3329704451,5.2674895175
2024-03-15,5.3299050796,5.3342232628,5.2744389538
2024-03-18,5.3305219391,5.3337500828,5.280318797
2024-03-19,5.3319418943,5.33277463,5.266401159
2024-03-20,5.3279701227,5.3198012655,5.230905484
2024-03-21,5.3293390668,5.3229273923,5.2381834868
2024-03-22,5.3234461257,5.3159679904,5.2223577897
2024-03-25,5.3288434883,5.320545008,5.2337816767
2024-03-26,5.3235789118,5.3143260046,5.2301624812
2024-03-27,5.3244840845,5.3088870521,5.2237050574
2024-03-28,5.3216766125,5.311645222,5.2353850774
2024-04-01,5.3269144116,5.3166251368,5.2605629847
2024-04-02,5.3231074975,5.3096919018,5.24186476
2024-04-03,5.3244628739,5.3088611498,5.2376843701
2024-04-04,5.3180801204,5.295694617,5.2088131245
2024-04-05,5.3210112001,5.3086943558,5.243699298
2024-04-08,5.3214667891,5.315752448,5.2585217078
2024-04-09,5.3236844528,5.3088044604,5.2421937516
2024-04-10,5.3234082543,5.3314108059,5.3251865749
2024-04-11,5.3215473436,5.3233449739,5.3079749917
2024-04-12,5.3205477113,5.3183377204,5.2848356209
2024-04-15,5.3190869285,5.320502926,5.2982549116
2024-04-16,5.3208192776,5.3255120969,5.3047319318
2024-04-17,5.3181992904,5.3217596259,5.3010812661
2024-04-18,5.3190424318,5.3242576571,5.3094660858
2024-04-19,5.3169924662,5.3183007255,5.2987525775
2024-04-22,5.3194473556,5.3225140914,5.301444134
2024-04-23,5.3200104074,5.3198790765,5.2903707011
2024-04-24,5.314980994,5.3277714859,5.2968184023
2024-04-25,5.3094191603,5.3288859213,5.3175004518
2024-04-26,5.3098131092,5.3283744204,5.3159601786
2024-04-29,5.3166766527,5.3308377288,5.3191710198
2024-04-30,5.3211275862,5.3313321075,5.3358133572
2024-05-01,5.320854439,5.3306601714,5.3247145067
2024-05-02,5.3186304425,5.3221596133,5.3020165524
2024-05-03,5.3179600147,5.3236893823,5.2925427107
2024-05-06,5.3176081563,5.3225866983,5.2934474733
2024-05-07,5.3200602409,5.3303888335,5.3010017235
2024-05-08,5.3196009373,5.3299831233,5.2998687074
2024-05-09,5.3138837983,5.3222042292,5.2876248946
2024-05-10,5.3184494545,5.3299276275,5.3004805918
2024-05-13,5.3187658288,5.3327863559,5.3034778968
2024-05-14,5.318216068,5.3319603109,5.2982258853
2024-05-15,5.317751752,5.330015829,5.2820305411
2024-05-16,5.3180005908,5.3294766861,5.2906816868
2024-05-17,5.3266883321,5.3353505445,5.297786993
2024-05-20,5.3264695276,5.3378267284,5.3050261021
2024-05-21,5.3152907762,5.3330399455,5.2979644176
2024-05-22,5.3247040285,5.3438745661,5.3133293938
2024-05-23,5.3286522379,5.3505609566,5.3271107045
2024-05-24,5.3286232871,5.3518315097,5.3311234292
2024-05-28,5.3314783388,5.353478888,5.3382992863
2024-05-29,5.3241863084,5.3496004206,5.3330262189
2024-05-30,5.3263084783,5.3460005652,5.3169218416
2024-05-31,5.3274579517,5.3437009645,5.3123762344
2024-06-03,5.3293270505,5.3418701532,5.2993472761
2024-06-04,5.328596156,5.342728201,5.2887316963
2024-06-05,5.3277662266,5.3379881515,5.271893413
2024-06-06,5.3267109987,5.3313761558,5.2653981656
2024-06-07,5.3222524759,5.3494473136,5.3140701535
2024-06-10,5.3264680353,5.3515351568,5.3162381264
2024-06-11,5.3377516125,5.3479482817,5.3078648733
2024-06-12,5.3341811037,5.3477469453,5.290857026
2024-06-13,5.3385838797,5.3463278244,5.2773554619
2024-06-14,5.3436292493,5.3480139813,5.2714933472
2024-06-17,5.3488402411,5.3538058033,5.2889920551
2024-06-18,5.3532830991,5.3544509472,5.2805145647
2024-06-20,5.35392234,5.3527713768,5.2793460369
2024-06-21,5.3541771086,5.3489008988,5.2723230179
2024-06-24,5.339311393,5.3498788738,5.2690130814
2024-06-25,5.3409859327,5.3462770158,5.2656219764
2024-06-26,5.3405371994,5.3482088509,5.2773113143
2024-06-27,5.335909965,5.3398356709,5.2595987795
2024-06-28,5.3359692138,5.335133774,5.2542171213
2024-07-01,5.3355185115,5.337067893,5.2566786091
2024-07-02,5.3369288941,5.3316990101,5.2472286441
2024-07-03,5.3341347035,5.3237088324,5.2274278626
2024-07-05,5.331832617,5.3210722012,5.209011586
2024-07-08,5.3336334432,5.3234488379,5.2147246619
2024-07-09,5.3362760039,5.3259747123,5.2170579304
2024-07-10,5.3330251915,5.3211640693,5.2122296229
2024-07-11,5.3404055245,5.3081085335,5.1610994071
2024-07-12,5.3459459794,5.3100246487,5.1517028243
2024-07-15,5.3547545886,5.3090345359,5.1347533707
2024-07-16,5.353979021,5.307202733,5.1290334384
2024-07-17,5.3589605868,5.3090932647,5.1356289709
2024-07-18,5.3596217694,5.3064732584,5.1357448893
2024-07-19,5.3643527707,5.3064856377,5.1391964224
2024-07-22,5.3635827661,5.3086911537,5.151047613
2024-07-23,5.364295492,5.3039309948,5.134345299
2024-07-24,5.365129421,5.2931722314,5.1203808227
2024-07-25,5.3422327831,5.2932298658,5.1035785774
2024-07-26,5.3358655409,5.290223258,5.0896812739
2024-07-29,5.3337613548,5.2864758007,5.0898477956
2024-07-30,5.3419722408,5.2734296404,5.071667799
2024-07-31,5.3518351041,5.2710987827,5.0690537142
2024-08-01,5.343298015,5.2309341931,4.976279753
2024-08-02,5.3260241909,5.1234077847,4.752914628
2024-08-05,5.3179469186,5.107770534,4.7367509643
2024-08-06,5.3344704335,5.1475470023,4.8068954254
2024-08-07,5.3337331109,5.1294347023,4.7965603557
2024-08-08,5.339879979,5.1429002539,4.8231925372
2024-08-09,5.3387797186,5.1454319355,4.831400165
2024-08-12,5.3348233436,5.142932768,4.8250640943
2024-08-13,5.3402952609,5.1294156348,4.7762368692
2024-08-14,5.3455608722,5.1430194771,4.8076343167
2024-08-15,5.3408127396,5.1595383549,4.8691379566
2024-08-16,5.3383961326,5.1547338184,4.8565413351
2024-08-19,5.3347631694,5.1509834986,4.8537383088
2024-08-20,5.3354931838,5.1351722232,4.8140661545
2024-08-21,5.3322047836,5.0932476483,4.7593510307
2024-08-22,5.3355603592,5.1168387728,4.800747579
2024-08-23,5.3186903464,5.0842528478,4.7470956665
2024-08-26,5.2737080559,5.0747130396,4.7606109544
2024-08-27,5.2620710467,5.0575600682,4.7325641132
2024-08-28,5.2555440112,5.0486177273,4.7308963881
2024-08-29,5.2125193123,5.0283155659,4.7226417636
2024-08-30,5.1999316169,5.0217510941,4.7215034858
2024-09-03,5.1650305149,5.0076628261,4.7048341922
2024-09-04,5.1469344051,4.9676605282,4.6270216041
2024-09-05,5.1063090394,4.9511483251,4.6103847295
2024-09-06,5.1240275151,4.9617833579,4.5837323586
2024-09-09,5.1051733901,4.9549517443,4.5853950582
2024-09-10,5.0872467255,4.9392007457,4.5580973746
2024-09-11,5.1614287333,4.9827242691,4.6186015864
2024-09-12,5.1241420662,4.9223782838,4.5526049086
2024-09-13,5.0772112645,4.8627799199,4.4819068182
2024-09-16,5.0235372661,4.8324801488,4.4446673375
2024-09-17,4.997744241,4.8232208975,4.4530479251
2024-09-18,4.8896722463,4.7380483532,4.393162991
2024-09-19,4.8541436845,4.7004839378,4.347917058
2024-09-20,4.8481210428,4.6779432019,4.3235502218
2024-09-23,4.8586404372,4.6680060295,4.3115208809
2024-09-24,4.8763176279,4.6539910927,4.2842248904
2024-09-25,4.8701172189,4.6367434683,4.2805206035
2024-09-26,4.857329045,4.6258759748,4.2909081334
2024-09-27,4.849094309,4.6052454637,4.2555342292
2024-09-30,4.8442765133,4.6371652249,4.3147188693
2024-10-01,4.8479675483,4.6329760021,4.3009325285
2024-10-02,4.8390738926,4.6205137425,4.300738227
2024-10-03,4.8228573889,4.6103643349,4.3099891365
2024-10-04,4.8269510454,4.6642336859,4.4255999315
2024-10-07,4.8277475848,4.6914847819,4.476540125
2024-10-08,4.82792694,4.6841088081,4.4581637311
2024-10-09,4.8244774132,4.6850511054,4.4882043611
2024-10-10,4.8118212933,4.6721941723,4.4705673505
2024-10-11,4.7975510709,4.6560004343,4.4447638888
2024-10-14,4.7627606244,4.5872987673,4.4203771931
2024-10-15,4.7993242918,4.643012338,4.4464481309
2024-10-16,4.8010847743,4.637674485,4.4362639097
2024-10-17,4.7862878768,4.6471602231,4.4665853433
2024-10-18,4.7771385724,4.6308049609,4.44448448
2024-10-21,4.7722315562,4.641951257,4.4750351761
2024-10-22,4.7688234278,4.6307521358,4.4633949164
2024-10-23,4.7726017432,4.6322150013,4.4749560467
2024-10-24,4.7453115826,4.607210184,4.4379124372
2024-10-25,4.6691892695,4.6321371837,4.4308348301
2024-10-28,4.6727235296,4.6174755398,4.4387211146
2024-10-29,4.6729161732,4.5947502276,4.4189152354
2024-10-30,4.6710304928,4.585935146,4.4199358311
2024-10-31,4.6714479292,4.5742889423,4.4099136759
2024-11-01,4.6640798158,4.556969118,4.4040086663
2024-11-04,4.6431627518,4.5417761589,4.3905153594
2024-11-05,4.6370914321,4.5509184317,4.402519877
2024-11-06,4.6250844668,4.5460267753,4.4222083422
2024-11-07,4.6135675961,4.5350666968,4.4057237545
2024-11-08,4.6079406112,4.5378069651,4.4261471126
2024-11-11,4.4724168366,4.4393359732,4.4005228603
2024-11-12,4.6068711754,4.5412299696,4.4499828518
2024-11-13,4.607020496,4.5042271077,4.3877150834
2024-11-14,4.606048911,4.5171186232,4.4034588406
2024-11-15,4.6057862388,4.5384998392,4.4346472288
2024-11-18,4.6079906719,4.5384950556,4.4359949774
2024-11-19,4.5976322699,4.5349800762,4.4384644463
2024-11-20,4.5980646757,4.5382830514,4.4493137711
2024-11-21,4.5939989686,4.5325174174,4.4469963837
2024-11-22,4.5904076162,4.528499573,4.4488063108
2024-11-25,4.5787074662,4.5226547963,4.4360591178
2024-11-26,4.5657553869,4.4978090625,4.4206326426
2024-11-27,4.54320198,4.4725653871,4.3896343415
2024-11-29,4.5386021814,4.4716243515,4.3795354154
2024-12-02,4.5332745184,4.4827938133,4.4021005666
2024-12-03,4.5165949398,4.450995004,4.3526126708
2024-12-04,4.5058759583,4.4395745014,4.329702915
2024-12-05,4.4829155756,4.4308797009,4.3290272921
2024-12-06,4.4588498529,4.3955046726,4.2815470973
2024-12-09,4.4500027114,4.4022030805,4.2914745749
2024-12-10,4.4399476794,4.4037246412,4.2984022003
2024-12-11,4.4526674251,4.3690090881,4.2715667434
2024-12-12,4.4359739069,4.3581745512,4.2710191786
2024-12-13,4.4288550814,4.3611257858,4.2810395415
2024-12-16,4.4095405915,4.3658972081,4.285141869
2024-12-17,4.4062084027,4.366425004,4.2888067259
2024-12-18,4.3758838624,4.3528741447,4.3078769197
2024-12-19,4.3579416969,4.3362777484,4.2846995329
2024-12-20,4.3605179025,4.3357554139,4.2808815394
2024-12-23,4.3664814548,4.3319653837,4.2888889288
2024-12-24,4.336604033,4.3371569292,4.2810697292
2024-12-26,4.3416741434,4.3408252597,4.28554527
2024-12-27,4.3321262108,4.3259611133,4.2669958527
2024-12-30,4.3348275042,4.3205995394,4.2561004064
2024-12-31,4.3319874863,4.3159451779,4.2533663827
2025-01-02,4.3258828424,4.3054716422,4.2516877295
2025-01-03,4.3182473934,4.302195787,4.2528800495
2025-01-06,4.3078531088,4.2969290019,4.2525634648
2025-01-07,4.3090843158,4.3011096014,4.2630365968
2025-01-08,4.3098132415,4.300840754,4.2612285331
2025-01-09,4.3117789304,4.295969197,4.2491473143
2025-01-10,4.3129913169,4.3091994093,4.2884551115
2025-01-13,4.312902746,4.3126115526,4.3008117338
2025-01-14,4.309630349,4.3077725898,4.291432648
2025-01-15,4.3096918271,4.2978347113,4.2629266904
2025-01-16,4.3132442532,4.3013030115,4.2596219062
2025-01-17,4.3108699298,4.2964156345,4.2589372039
2025-01-21,4.3184680513,4.3069044093,4.270693466
2025-01-22,4.3259477661,4.3112819324,4.2765583608
2025-01-23,4.3266840896,4.3017954971,4.2620870648
2025-01-24,4.3274376084,4.2953051446,4.2485763294
2025-01-27,4.3085673161,4.3047121082,4.2350726594
2025-01-28,4.3070296885,4.309418787,4.2386534764
2025-01-29,4.3099619667,4.3094238767,4.2575853467
2025-01-30,4.316565488,4.3096998406,4.2558917228
2025-01-31,4.3145903771,4.309983884,4.2626444043
2025-02-03,4.3139662699,4.3090035638,4.2766667238
2025-02-04,4.3158949089,4.3090893518,4.263991807
2025-02-05,4.3170571234,4.3076110577,4.2606905812
2025-02-06,4.3228248056,4.3080074541,4.2618993697
2025-02-07,4.3225354498,4.3123104498,4.2871538271
2025-02-10,4.3237281688,4.3211166011,4.2929638646
2025-02-11,4.3224566231,4.3217407346,4.299792783
2025-02-12,4.3213692347,4.3286767517,4.3261428755
2025-02-13,4.3117252725,4.3207632129,4.3110049932
2025-02-14,4.3105079457,4.3210549748,4.2971099973
2025-02-18,4.3251641628,4.3338422701,4.3143079007
2025-02-19,4.3131178044,4.326754973,4.3079013154
2025-02-20,4.3085044652,4.3191648107,4.2935233749
2025-02-21,4.3133271419,4.3125761722,4.2667958738
2025-02-24,4.3257167881,4.319267488,4.2716046119
2025-02-25,4.3247417576,4.3179017328,4.2603897879
2025-02-26,4.3239636135,4.3190429163,4.2582899824
2025-02-27,4.3211910044,4.3194599796,4.2564204081
2025-02-28,4.3216493364,4.3083887696,4.2193478001
2025-03-03,4.317501507,4.3010799694,4.2089957007
2025-03-04,4.3264808285,4.2992317292,4.1969508041
2025-03-05,4.3313773303,4.3055129942,4.2130566977
2025-03-06,4.3198413627,4.2874499072,4.1754914217
2025-03-07,4.3238954677,4.3084328938,4.2045895664
2025-03-10,4.3268408673,4.2935322015,4.163673612
2025-03-11,4.317178839,4.3011588201,4.1830000018
2025-03-12,4.3287678462,4.3053060392,4.2123277308
2025-03-13,4.3267349273,4.2951154079,4.1904583703
2025-03-14,4.3256667805,4.300745493,4.206989294
2025-03-17,4.3307757028,4.3112372362,4.2341019418
2025-03-18,4.3351974212,4.315634465,4.2406380122
2025-03-19,4.3304432691,4.3080478689,4.2316281294
2025-03-20,4.3293688531,4.3050796258,4.2130312931
2025-03-21,4.3323938431,4.3030453622,4.1997812583
2025-03-24,4.3369443155,4.3090703843,4.2287261076
2025-03-25,4.3287520305,4.3113282973,4.2229855255
2025-03-26,4.3226068597,4.3088945238,4.222293673
2025-03-27,4.3221098229,4.3073024247,4.2237164136
2025-03-28,4.3218669584,4.2894832521,4.1766476925
2025-03-31,4.3214217766,4.29112814,4.1835037625
2025-04-01,4.3189528532,4.2872015862,4.1671652097
2025-04-02,4.3213742839,4.2944785298,4.1930487396
2025-04-03,4.317160463,4.2719768027,4.1326986095
2025-04-04,4.3041152847,4.2325200652,4.053215223
2025-04-07,4.3014947088,4.2262389829,4.0432143963
2025-04-08,4.3167710262,4.2176549909,4.013875512
2025-04-09,4.3468501581,4.2928687904,4.1656119864
2025-04-10,4.3265260337,4.2589677577,4.0984029262
2025-04-11,4.3363744275,4.2790833127,4.1410434132
2025-04-14,4.3432275757,4.2891819518,4.1386118811
2025-04-15,4.3397903823,4.2891352206,4.1427924698
2025-04-16,4.3329039313,4.2814816795,4.1274342361
2025-04-17,4.3363906345,4.2861304115,4.1409905618
2025-04-21,4.3372266281,4.273002092,4.1068243982
2025-04-22,4.340366949,4.285061874,4.1352969812
2025-04-23,4.3305886025,4.2932302263,4.1638088359
2025-04-24,4.3112425132,4.297458046,4.1436932888
2025-04-25,4.3124944673,4.2926863151,4.1323074935
2025-04-28,4.3196545275,4.2882526816,4.1191983457
2025-04-29,4.3200143005,4.2767667211,4.0973285553
2025-04-30,4.3249674574,4.2709339067,4.0814498487
2025-05-01,4.3291729536,4.2762893038,4.1078176966
2025-05-02,4.334652967,4.3057563572,4.1811750557
2025-05-05,4.3304996634,4.3114573946,4.1974778217
2025-05-06,4.3301093196,4.3054008894,4.1722425883
2025-05-07,4.332625577,4.3217916452,4.2022991503
2025-05-08,4.324362861,4.3167868388,4.219038218
2025-05-09,4.3196855188,4.3112876683,4.2158975147
2025-05-12,4.3221243881,4.3294747264,4.2607259374
2025-05-13,4.3292478938,4.3349470802,4.2710440011
2025-05-14,4.3231167367,4.3293267639,4.2759069557
2025-05-15,4.3175108133,4.3236875177,4.2584191278
2025-05-16,4.3259856918,4.3318850079,4.2727254658
2025-05-19,4.3190001247,4.3298359903,4.2681848769
2025-05-20,4.3304981436,4.3413517029,4.2789666336
2025-05-21,4.3235360054,4.3392701666,4.2815904437
2025-05-22,4.3269154327,4.3347574366,4.2736639568
2025-05-23,4.3309797227,4.3360805612,4.280193438
2025-05-27,4.3232050167,4.333591305,4.2775483894
2025-05-28,4.3249971696,4.3331732001,4.2853136754
2025-05-29,4.3221768486,4.3264279528,4.2588087637
2025-05-30,4.3222006003,4.3265224338,4.2488602766
2025-06-02,4.3187159726,4.3240935534,4.2523972981
2025-06-03,4.3142453204,4.3227216979,4.2502329201
2025-06-04,4.3188259367,4.3171623359,4.2254202224
2025-06-05,4.3140145281,4.3161979636,4.2291108388
2025-06-06,4.3188750131,4.3274446823,4.2685534439
2025-06-09,4.3249105876,4.3261790932,4.2639431326
2025-06-10,4.3129245554,4.3263461874,4.2680758124
2025-06-11,4.3180915053,4.3156853459,4.2375000181
2025-06-12,4.3198582585,4.3116011904,4.2201492779
2025-06-13,4.3187679837,4.312913999,4.2267701598
2025-06-16,4.330292172,4.3294847926,4.2513621901
2025-06-17,4.3300779643,4.3269747136,4.2562624281
2025-06-18,4.3341050984,4.3302457565,4.2496658096
2025-06-20,4.3353443402,4.3178797622,4.2236808486
2025-06-23,4.3442023167,4.3095229276,4.187296085
2025-06-24,4.3147348617,4.3164754839,4.1856641029
2025-06-25,4.3207467649,4.3082604711,4.1675092277
2025-06-26,4.3210113259,4.3064268568,4.1475168954
2025-06-27,4.3221549735,4.3074246311,4.1504748322
2025-06-30,4.3359039699,4.3095516554,4.1476003109
2025-07-01,4.336160665,4.309120778,4.1489430717
2025-07-02,4.3351263701,4.2942974818,4.1319848492
2025-07-03,4.3399031533,4.3332382112,4.2138106078
2025-07-07,4.3412303573,4.3348852931,4.2182501295
2025-07-08,4.3496419683,4.3395420556,4.2230707552
2025-07-09,4.3489379055,4.3278652701,4.2029431072
2025-07-10,4.3464154674,4.3233807335,4.1919774001
2025-07-11,4.3425473043,4.3251723239,4.213520395
2025-07-14,4.3474732241,4.3274858642,4.2114909837
2025-07-15,4.3542931422,4.3402233457,4.232888191
2025-07-16,4.3513600959,4.3307553226,4.2173159035
2025-07-17,4.3596398836,4.339240198,4.2354976506
2025-07-18,4.3519844502,4.3220149077,4.2122062449
2025-07-21,4.3592084645,4.3257792621,4.2136504207
2025-07-22,4.3590303935,4.3197574854,4.2035539538
2025-07-23,4.362151406,4.3149291225,4.2050625182
2025-07-24,4.3678897601,4.3160407603,4.2120450886
2025-07-25,4.3457802293,4.3252312331,4.1980704757
2025-07-28,4.3475631747,4.3218596076,4.1987257486
2025-07-29,4.3445270094,4.3082921469,4.1850287604
2025-07-30,4.3501325248,4.327175937,4.2317473613
2025-07-31,4.3488219264,4.3267489525,4.247644002
2025-08-01,4.3468875311,4.259079483,4.0822135014
2025-08-04,4.3477796223,4.24990646,4.0633822463
2025-08-05,4.3532189875,4.2538713396,4.0756861596
2025-08-06,4.3545974658,4.2391235556,4.0564190731
2025-08-07,4.3635935061,4.247601804,4.0684240379
2025-08-08,4.3589060418,4.2423252526,4.0700543847
2025-08-11,4.3635931921,4.247623121,4.0732353093
2025-08-12,4.3575984192,4.2264848068,4.0415019385
2025-08-13,4.3572890489,4.2018592484,4.0124451418
2025-08-14,4.354245115,4.2144445991,4.0462805558
2025-08-15,4.3543991084,4.2286139891,4.0703564231
2025-08-18,4.3481018711,4.2279946705,4.0736043334
2025-08-19,4.3474558648,4.2181329125,4.057298082
2025-08-20,4.3476453326,4.2153004558,4.0594401713
2025-08-21,4.3655158803,4.2367903635,4.0967557753
2025-08-22,4.3474899133,4.2071492224,4.0413671083
2025-08-25,4.3346828351,4.2072286978,4.0576617412
2025-08-26,4.3219961509,4.1968967162,4.0417511402
2025-08-27,4.3115820435,4.1848841284,4.030799484
2025-08-28,4.2830369198,4.1695707922,4.025899007
2025-08-29,4.274129943,4.1563572811,4.0085610192
2025-09-02,4.2484246959,4.1493804822,4.0116351151
2025-09-03,4.2439553318,4.1301645965,3.9847846601
2025-09-04,4.2257779643,4.1134209228,3.9596860051
2025-09-05,4.1812360455,4.0592297078,3.8818189055
2025-09-08,4.1813591082,4.0503427563,3.8673398405
2025-09-09,4.1570593916,4.0627589315,3.896414142
2025-09-10,4.2068091903,4.050890342,3.8786612877
2025-09-11,4.1935004068,4.0234781356,3.8382007692
2025-09-12,4.1965154964,4.0377071793,3.8580077031
2025-09-15,4.1745516793,4.044980075,3.8700500443
2025-09-16,4.1488417559,4.0332428488,3.85478773
2025-09-17,4.1404122344,4.0267042833,3.8497528507
2025-09-18,4.1365766195,4.0165899683,3.8431045893
2025-09-19,4.1318741038,4.0129590564,3.8440348105
2025-09-22,4.139266859,4.0180298185,3.855660212
2025-09-23,4.1383042253,4.0084466712,3.848086773
2025-09-24,4.1730743636,4.0098227963,3.8561467472
2025-09-25,4.1624133635,4.0081398017,3.8809968289
2025-09-26,4.1589774833,3.9970061974,3.8672951418
2025-09-29,4.1420269361,3.9871396766,3.8559077884
2025-09-30,4.1427463255,3.973060444,3.8313083691
2025-10-01,4.1386367182,3.9504761013,3.7946025378
2025-10-02,4.1307533829,3.9479532425,3.7930871401
2025-10-03,4.128230657,3.9508445256,3.8045237785
2025-10-06,4.1179515603,3.9502055194,3.8090456671
2025-10-07,4.1129746207,3.9386912938,3.8001064208
2025-10-08,4.1095007565,3.9307555144,3.8007595028
2025-10-09,4.0851385075,3.9106294874,3.7822279366
2025-10-10,4.0754276407,3.8985590325,3.7480700447
2025-10-13,4.0489676318,3.8384771434,3.72715341
2025-10-14,4.0850957322,3.897436013,3.7389174066
2025-10-15,4.1091217289,3.8999771425,3.7507568004
2025-10-16,4.0790705342,3.8708708306,3.6949556872
2025-10-17,4.0663693534,3.868377959,3.7060679792
2025-10-20,4.0554562666,3.8719650686,3.7105187955
2025-10-21,4.0789476485,3.8760834774,3.712790123
2025-10-22,4.0718274249,3.8658845139,3.7081088526
2025-10-23,4.044608685,3.8549772702,3.7101260538
2025-10-24,4.0404955751,3.8407477523,3.6931629454
2025-10-27,3.9598939218,3.8672225536,3.7007699078
2025-10-28,3.9481627264,3.8622536331,3.7011421264
2025-10-29,4.000247004,3.9018115912,3.7811348588
2025-10-30,3.9936837791,3.8975296432,3.7950895962
2025-10-31,3.9978366031,3.9098562885,3.8102895413
2025-11-03,4.0028348708,3.8892148632,3.7986460788
2025-11-04,3.9834137748,3.8776240159,3.7808667817
2025-11-05,3.9678063846,3.8809964823,3.8034365036
2025-11-06,3.9522284922,3.8537177577,3.7588998092
2025-11-07,3.9520719383,3.8559672488,3.7561273974
2025-11-10,3.9557824747,3.8685684869,3.7792172544
2025-11-11,3.8393212766,3.77361808,3.7351132219
2025-11-12,3.9638303788,3.8632495486,3.7699778465
2025-11-13,3.9599583473,3.8814587009,3.7917815938
2025-11-14,3.9560747362,3.8841134516,3.8015076941
2025-11-17,3.9578167978,3.8888354362,3.8092893025
2025-11-18,3.9409481927,3.8745037913,3.7882100318
2025-11-19,3.9533060293,3.8918592122,3.8088829962
2025-11-20,3.9406774152,3.8762096875,3.7785864999
2025-11-21,3.9424094394,3.8438430484,3.7435153914
2025-11-24,3.9314923053,3.8147860676,3.723203743
2025-11-25,3.9021641609,3.7978965293,3.7106237315
2025-11-26,3.8762379991,3.7918897136,3.7072442774
2025-11-28,3.8659118893,3.7816129542,3.7021420098
2025-12-01,3.8526565429,3.7804230813,3.7089877759
2025-12-02,3.835767417,3.7659871587,3.6911191077
2025-12-03,3.8242206155,3.7551113118,3.6725147739
2025-12-04,3.8117969143,3.7494709607,3.6761452311
2025-12-05,3.8150203889,3.7520202612,3.6851944487
2025-12-08,3.7988345601,3.7476918649,3.6819001975
2025-12-09,3.7879228172,3.7457570575,3.6947506734
2025-12-10,3.7560255703,3.7249477669,3.6664632754
2025-12-11,3.7475307259,3.7153663085,3.6488757525
2025-12-12,3.7495364504,3.7122732963,3.6408190495
2025-12-15,3.7500386562,3.7082195508,3.6351043525
2025-12-16,3.7505482356,3.7064618356,3.6279824029
2025-12-17,3.7520273024,3.7019128888,3.6190785562
2025-12-18,3.7436794466,3.6906301896,3.6028340151
2025-12-19,3.7505338196,3.692666422,3.6076297925
2025-12-22,3.7680497691,3.6988265846,3.6150710974
2025-12-23,3.7598904121,3.6996433443,3.626681275
2025-12-24,3.7103913951,3.6990633118,3.6156174132
2025-12-26,3.7063686133,3.6841116965,3.5962765271
2025-12-29,3.6982670346,3.678545296,3.5929547064
2025-12-30,3.6927299393,3.6689886172,3.5831452437
2025-12-31,3.6892609945,3.6649418821,3.583079936
2026-01-02,3.6876039544,3.6558941731,3.5788736949
2026-01-05,3.6844355327,3.6591306432,3.5777255442
2026-01-06,3.6876337823,3.6590787238,3.5892425285
2026-01-07,3.6872650836,3.6666467141,3.59564359
2026-01-08,3.6845482423,3.665605799,3.6000802762
2026-01-09,3.6832614986,3.6785864294,3.6271693493
2026-01-12,3.6890524234,3.6831921087,3.6362286238
2026-01-13,3.6878071688,3.6852424206,3.6363405156
2026-01-14,3.6830286484,3.6779473519,3.6287193578
2026-01-15,3.6786664663,3.6761888541,3.6402361794
2026-01-16,3.6778705021,3.6756182709,3.6416989602
2026-01-20,3.6814485108,3.6749208013,3.6358220124
2026-01-21,3.6846204493,3.6760491088,3.6432130402
2026-01-22,3.6823795564,3.6763533926,3.6436055881
2026-01-23,3.6836811749,3.6746052866,3.6385484662
2026-01-26,3.6726602482,3.6829025149,3.639861995
2026-01-27,3.6674036659,3.6769126511,3.6284769391
2026-01-28,3.6675827942,3.6774740031,3.6328607693
2026-01-29,3.6697202172,3.6673846633,3.6189887288
2026-01-30,3.6699577972,3.6666758741,3.6102426134
2026-02-02,3.6730384412,3.6738582319,3.6258689912
2026-02-03,3.6725083403,3.6746765915,3.6297930179
2026-02-04,3.6702650841,3.6750995863,3.6272801354
2026-02-05,3.6639415007,3.6465146822,3.574800543
2026-02-06,3.6631547531,3.656893836,3.5894493803
2026-02-09,3.6638909341,3.6560122128,3.5811667564
2026-02-10,3.6647256617,3.648678668,3.5669944033
2026-02-11,3.6593152985,3.6664377259,3.6148458809
2026-02-12,3.6598118357,3.6612126607,3.6023940537
2026-02-13,3.6587811219,3.6580620192,3.591052137
2026-02-17,3.6661033698,3.6627413745,3.6055213189
2026-02-18,3.6812295627,3.6753645012,3.6126075228
2026-02-19,3.6794737408,3.6735768351,3.618243702
2026-02-20,3.6795116191,3.6757086955,3.6272306285
2026-02-23,3.6735093244,3.6740837044,3.6217054136
2026-02-24,3.675784933,3.6743382089,3.6282066332
2026-02-25,3.6708451981,3.6723003617,3.6310300269
2026-02-26,3.6655307735,3.6650641889,3.6175517761
2026-02-27,3.6664560479,3.6560583823,3.5933871121
2026-03-02,3.6669681684,3.6716863635,3.626376287
2026-03-03,3.6719129581,3.6735331502,3.6279712096
2026-03-04,3.6707052818,3.6736951165,3.6415301607
2026-03-05,3.6650091111,3.671564484,3.6481710451
2026-03-06,3.6730322147,3.667340611,3.6232900151
2026-03-09,3.6706274609,3.6766964992,3.6421241934
2026-03-10,3.67516931,3.6730347384,3.630825994
2026-03-11,3.6744400738,3.6744860432,3.6436372133
2026-03-12,3.6805997585,3.6879344828,3.6787806185
2026-03-13,3.6797007889,3.6901423159,3.6769481287
2026-03-16,3.6763021694,3.6874737311,3.6699542131
2026-03-17,3.678573287,3.6898276639,3.6724815182
2026-03-18,3.6753406054,3.693088277,3.6923274744
2026-03-19,3.6833746335,3.7104498054,3.7328496721
2026-03-20,3.6833707741,3.7202818152,3.7492170203
2026-03-23,3.687068677,3.707363688,3.7265454117
2026-03-24,3.6894228626,3.7122140564,3.7560115808
2026-03-25,3.6730397381,3.702952002,3.7335182675
2026-03-26,3.6643264978,3.7005455106,3.7483384781
2026-03-27,3.6592797407,3.6932211516,3.7213154186
2026-03-30,3.6630385017,3.6862595617,3.6999962275
2026-03-31,3.6613585545,3.679959046,3.6883294029
2026-04-01,3.6594977205,3.6776024519,3.6899727659
2026-04-02,3.6573843396,3.6735571535,3.6830626061
2026-04-03,3.629449519,3.5229035899,3.6373915217
2026-04-06,3.6593610109,3.6816120179,3.7028553592
2026-04-07,3.6577048023,3.678737338,3.6976046617
2026-04-08,3.6494239613,3.6746419839,3.6945675312
2026-04-09,3.6457900479,3.6688450382,3.685408209
2026-04-10,3.6537013361,3.6735847281,3.6933397288
2026-04-13,3.6646284152,3.6761551375,3.6907159315
2026-04-14,3.6701116529,3.6794485378,3.6909592916
2026-04-15,3.6637718823,3.6735095256,3.6885751169
2026-04-16,3.6566603379,3.6692349576,3.6835668616
2026-04-17,3.6519748934,3.6637376063,3.6619109524
2026-04-20,3.6480022358,3.6680911687,3.6730705269
2026-04-21,3.6531295955,3.6713110226,3.6825114599
2026-04-22,3.6564007486,3.6687880701,3.6803001898
2026-04-23,3.6640382238,3.6702078679,3.6799006523
2026-04-24,3.6514272868,3.6757918263,3.6724310543
2026-04-27,3.647768943,3.6703721197,3.6742369856
2026-04-28,3.649267954,3.6640676928,3.675467789
2026-04-29,3.6477090418,3.6702637053,3.6908612399
2026-04-30,3.6462401612,3.6598306788,3.6708376607
2026-05-01,3.6464275898,3.6593154422,3.6710524092
2026-05-04,3.6431758424,3.6526790605,3.680639023
2026-05-05,3.638986828,3.6453834309,3.6701460444
2026-05-06,3.6379286702,3.645871248,3.6593524469
2026-05-07,3.637959298,3.6485297578,3.6690156608
2026-05-08,3.628262763,3.6384746938,3.6606774941
2026-05-11,3.6364515251,3.6538406431,3.6825556654
2026-05-12,3.624412836,3.6424155486,3.6807295066
2026-05-13,3.6313577906,3.6507192269,3.6882035748
2026-05-14,3.6207175124,3.6427906497,3.6861322812
2026-05-15,3.6119363054,3.6413082411,3.6930191233
2026-05-18,3.6113270268,3.644771959,3.6993599889
2026-05-19,3.5825588162,3.6339936006,3.7086895576
2026-05-20,3.5757838062,3.6278144941,3.6867804471
2026-05-21,3.6121708185,3.6548139546,3.7246049435
2026-05-22,3.6149995512,3.6583683688,3.7379334659
2026-05-26,3.6199827075,3.6578204899,3.7205526957
2026-05-27,3.6157398397,3.6556839848,3.7126924676
2026-05-28,3.6200544457,3.6552600127,3.7145514513
2026-05-29,3.6193482893,3.6540286405,3.7045788516
2026-06-01,3.6139983951,3.6534577115,3.7141245118
2026-06-02,3.6135234189,3.6488528742,3.7089394154
2026-06-03,3.6050586185,3.6495606678,3.7153147983
2026-06-04,3.6080450382,3.6450167398,3.7047112643
2026-06-05,3.6084171801,3.6578732032,3.7402758923
2026-06-08,3.608480009,3.6652114381,3.7524321243
2026-06-09,3.6181665646,3.6608981204,3.7409299873
2026-06-10,3.6116146075,3.6615273728,3.7407948894
2026-06-11,3.6176611206,3.6636104005,3.730701552
2026-06-12,3.623573026,3.6622778703,3.7281752472
2026-06-15,3.6241080024,3.6681223603,3.7292457268
2026-06-16,3.6227257562,3.669238538,3.7329479277
2026-06-17,3.6434188555,3.7094055034,3.8108554245
2026-06-18,3.6491682941,3.7293648051,3.8605699638
2026-06-22,3.6606086883,3.7372142422,3.8790359087
2026-06-23,3.6643044927,3.7332467321,3.8683931919
2026-06-24,3.650782671,3.7359758514,3.8531314186
2026-06-25,3.6437979567,3.7279744003,3.8407301374
2026-06-26,3.6412993334,3.7133672228,3.8183691696
2026-06-29,3.647830851,3.725552835,3.8405229285
2026-06-30,3.6506854748,3.7360918067,3.8619448517
2026-07-01,3.655785226,3.7395812076,3.8617286822
2026-07-02,3.6542574207,3.7193567517,3.8255482967
2026-07-06,3.6576323443,3.7298726759,3.8376512947
2026-07-07,3.6561107621,3.7379577437,3.8570235063
2026-07-08,3.6449609468,3.7431234446,3.8693921071
2026-07-09,3.6382143725,3.7261174853,3.8453384985
2026-07-10,3.6538294576,3.7549498408,3.8821841169
2026-07-13,3.6784930828,3.7900631661,3.9258089554
2026-07-14,3.6637944805,3.7348886512,3.8500240208
2026-07-15,3.6565891238,3.7187833048,3.8153185784
2026-07-16,3.6482049402,3.7199512376,3.8284494819
2026-07-17,3.6504888969,3.7326758217,3.8539080145
2026-07-20,3.6549827331,3.7413915369,3.8721561615
2026-07-21,3.6751931652,3.7712413322,3.9077517975
2026-07-22,3.6910747836,3.8010090679,3.9436327408
2026-07-23,3.7073969838,3.8262529805,3.9760626972
2026-07-24,3.7097534826,3.8278446124,3.9695516423
2026-07-27,3.752241458,3.8291325798,3.9813850392
2026-07-28,3.7318215355,3.8083116404,3.952555847
2026-07-29,3.6602838817,3.7302331117,3.8639322612
2026-07-30,3.6549904807,3.740242488,3.8773503896
2026-07-31,3.6485045175,3.7450014349,3.8975520449
2026-08-03,3.648010919,3.7387678638,3.8916763024
2026-08-04,3.6468503421,3.732725348,3.8716505717
2026-08-05,3.6407806364,3.7315408948,3.8621745537
2026-08-06,3.6444278446,3.7447596516,3.8862925558
2026-08-07,3.6340413112,3.7189590088,3.8463847001
2026-08-10,3.6414586343,3.7400402816,3.8746375914
2026-08-11,3.6415080353,3.7376614547,3.8706146057
2026-08-12,3.641424349,3.7310612697,3.848524514
2026-08-13,3.643904259,3.7220956476,3.8250925925
2026-08-14,3.6438335264,3.7225651692,3.8297669704
2026-08-17,3.6493046949,3.7306860929,3.837054551
2026-08-18,3.6389720556,3.7252562675,3.8352354661
2026-08-19,3.6367011164,3.7261410084,3.831295176
2026-08-20,3.6497352565,3.736751633,3.8393095748
2026-08-21,3.6606812992,3.7499319977,3.8572766651
2026-08-24,3.6629624697,3.7611520128,3.8731470039
2026-08-25,3.6781506851,3.7613195537,3.8634294792
