Date,ON,1M,2M,3M,6M
2020-01-02,1.5400,1.5510,1.5610,1.5640,1.5575
2020-01-03,1.5500,1.5540,1.5695,1.5730,1.5570
2020-01-06,1.5500,1.5510,1.5795,1.5820,1.5810
2020-01-07,1.5600,1.5725,1.5843,1.5840,1.5620
2020-01-08,1.5500,1.5720,1.5795,1.5850,1.5725
2020-01-09,1.5500,1.5705,1.5810,1.5837,1.5705
2020-01-10,1.5500,1.5690,1.5813,1.5850,1.5720
2020-01-13,1.5400,1.5822,1.5875,1.5911,1.5790
2020-01-14,1.5500,1.5750,1.5805,1.5858,1.5758
2020-01-15,1.5600,1.5745,1.5807,1.5873,1.5772
2020-01-16,1.5500,1.5741,1.5785,1.5859,1.5745
2020-01-17,1.5400,1.5773,1.5815,1.5855,1.5743
2020-01-21,1.5400,1.5745,1.5785,1.5798,1.5635
2020-01-22,1.5400,1.5715,1.5785,1.5830,1.5675
2020-01-23,1.5400,1.5780,1.5809,1.5850,1.5521
2020-01-24,1.5300,1.5835,1.5820,1.5840,1.5580
2020-01-27,1.5300,1.5755,1.5755,1.5729,1.5380
2020-01-28,1.5300,1.5800,1.5810,1.5815,1.5525
2020-01-29,1.5300,1.5875,1.5860,1.5820,1.5470
2020-01-30,1.5800,1.5865,1.5875,1.5801,1.5400
2020-01-31,1.6000,1.5859,1.5689,1.5526,1.4814
2020-02-03,1.5900,1.5880,1.5815,1.5720,1.5135
2020-02-04,1.6000,1.5885,1.5850,1.5800,1.5334
2020-02-05,1.5900,1.5900,1.5890,1.5791,1.5505
2020-02-06,1.5900,1.5910,1.5855,1.6090,1.5440
2020-02-07,1.5800,1.5865,1.5835,1.5666,1.5265
2020-02-10,1.5800,1.5790,1.5730,1.5569,1.5115
2020-02-11,1.5800,1.5960,1.5755,1.5649,1.5210
2020-02-12,1.5700,1.5786,1.5746,1.5644,1.5259
2020-02-13,1.5700,1.5821,1.5736,1.5601,1.5145
2020-02-14,1.5800,1.5826,1.5680,1.5530,1.5021
2020-02-18,1.6000,1.5793,1.5680,1.5517,1.4952
2020-02-19,1.5900,1.5820,1.5787,1.5644,1.5121
2020-02-20,1.6000,1.5807,1.5760,1.5569,1.4975
2020-02-21,1.5800,1.5829,1.5730,1.5534,1.4748
2020-02-24,1.5800,1.5810,1.5465,1.5220,1.4145
2020-02-25,1.5900,1.5719,1.5530,1.5109,1.3980
2020-02-26,1.5800,1.5500,1.5322,1.4778,1.3457
2020-02-27,1.5800,1.4800,1.4290,1.3600,1.2095
2020-02-28,1.6000,1.3855,1.3050,1.2360,1.0745
2020-03-02,1.5900,1.2601,1.1961,1.1164,0.9690
2020-03-03,1.6400,0.9630,0.8790,0.8250,0.6695
2020-03-04,1.2300,0.9888,0.8959,0.8197,0.6866
2020-03-05,1.1200,0.7800,0.7338,0.6638,0.5391
2020-03-06,1.1000,0.6845,0.6170,0.5460,0.4295
2020-03-09,1.0900,0.5090,0.3940,0.3300,0.2340
2020-03-10,1.1100,0.5340,0.4720,0.4590,0.3345
2020-03-11,1.1500,0.4148,0.3340,0.2829,0.2156
2020-03-12,1.2000,0.2250,0.1950,0.1860,0.1347
2020-03-13,1.1000,0.2375,0.1976,0.1760,0.1503
2020-03-16,0.2600,0.1451,0.1379,0.1321,0.1164
2020-03-17,0.5400,0.1527,0.1419,0.1355,0.1294
2020-03-18,0.1000,0.1592,0.1431,0.1338,0.1225
2020-03-19,0.0600,0.1079,0.1109,0.1118,0.1045
2020-03-20,0.0400,0.1356,0.1062,0.1006,0.0847
2020-03-23,0.0200,0.0616,0.0638,0.0653,0.0638
2020-03-24,0.0100,0.0552,0.0628,0.0664,0.0700
2020-03-25,0.0100,0.0436,0.0570,0.0551,0.0578
2020-03-26,0.0100,0.0380,0.0465,0.0501,0.0484
2020-03-27,0.0100,0.0445,0.0511,0.0536,0.0471
2020-03-30,0.0100,0.0438,0.0520,0.0576,0.0628
2020-03-31,0.0100,0.0460,0.0530,0.0583,0.0634
2020-04-01,0.0100,0.0505,0.0548,0.0606,0.0647
2020-04-02,0.0100,0.0530,0.0600,0.0662,0.0705
2020-04-03,0.0100,0.0440,0.0515,0.0598,0.0630
2020-04-06,0.0100,0.0487,0.0612,0.0682,0.0711
2020-04-07,0.0100,0.0493,0.0621,0.0656,0.0655
2020-04-08,0.0100,0.0514,0.0598,0.0646,0.0644
2020-04-09,0.0100,0.0598,0.0670,0.0701,0.0653
2020-04-13,0.0200,0.0659,0.0724,0.0762,0.0707
2020-04-14,0.0600,0.0647,0.0734,0.0783,0.0751
2020-04-15,0.0300,0.0580,0.0670,0.0733,0.0721
2020-04-16,0.0300,0.0592,0.0674,0.0730,0.0715
2020-04-17,0.0300,0.0505,0.0575,0.0630,0.0616
2020-04-20,0.0200,0.0403,0.0484,0.0562,0.0597
2020-04-21,0.0100,0.0392,0.0458,0.0507,0.0527
2020-04-22,0.0100,0.0415,0.0482,0.0537,0.0566
2020-04-23,0.0100,0.0486,0.0552,0.0580,0.0562
2020-04-24,0.0300,0.0492,0.0518,0.0523,0.0522
2020-04-27,0.0300,0.0466,0.0515,0.0534,0.0510
2020-04-28,0.0100,0.0395,0.0462,0.0470,0.0477
2020-04-29,0.0100,0.0220,0.0280,0.0310,0.0360
2020-04-30,0.0400,0.0252,0.0281,0.0282,0.0309
2020-05-01,0.0300,0.0305,0.0327,0.0321,0.0318
2020-05-04,0.0500,0.0319,0.0352,0.0346,0.0340
2020-05-05,0.0500,0.0520,0.0513,0.0485,0.0443
2020-05-06,0.0500,0.0530,0.0543,0.0492,0.0425
2020-05-07,0.0500,0.0713,0.0625,0.0573,0.0450
2020-05-08,0.0600,0.0660,0.0605,0.0573,0.0512
2020-05-11,0.0600,0.0675,0.0649,0.0619,0.0561
2020-05-12,0.0600,0.0692,0.0704,0.0685,0.0617
2020-05-13,0.0400,0.0532,0.0604,0.0607,0.0571
2020-05-14,0.0200,0.0568,0.0620,0.0620,0.0575
2020-05-15,0.0500,0.0526,0.0593,0.0597,0.0576
2020-05-18,0.0400,0.0578,0.0662,0.0677,0.0656
2020-05-19,0.0400,0.0535,0.0628,0.0645,0.0634
2020-05-20,0.0100,0.0463,0.0539,0.0548,0.0541
2020-05-21,0.0200,0.0304,0.0463,0.0505,0.0511
2020-05-22,0.0400,0.0674,0.0649,0.0633,0.0584
2020-05-26,0.0600,0.0665,0.0765,0.0738,0.0666
2020-05-27,0.0600,0.0578,0.0660,0.0682,0.0646
2020-05-28,0.0600,0.0700,0.0728,0.0729,0.0678
2020-05-29,0.0600,0.0676,0.0696,0.0691,0.0630
2020-06-01,0.0600,0.0708,0.0714,0.0708,0.0668
2020-06-02,0.0700,0.0745,0.0746,0.0742,0.0688
2020-06-03,0.0600,0.0792,0.0795,0.0777,0.0717
2020-06-04,0.0700,0.0817,0.0790,0.0772,0.0737
2020-06-05,0.0700,0.0782,0.0763,0.0748,0.0735
2020-06-08,0.0700,0.0912,0.0878,0.0842,0.0800
2020-06-09,0.0800,0.0872,0.0849,0.0826,0.0778
2020-06-10,0.0700,0.0844,0.0812,0.0733,0.0703
2020-06-11,0.0800,0.1115,0.1082,0.1054,0.0966
2020-06-12,0.0800,0.1040,0.0991,0.0969,0.0912
2020-06-15,0.0900,0.1098,0.1023,0.1023,0.0967
2020-06-16,0.0900,0.1051,0.1028,0.1004,0.0935
2020-06-17,0.0900,0.0937,0.0907,0.0874,0.0814
2020-06-18,0.0900,0.0901,0.0851,0.0795,0.0776
2020-06-19,0.0900,0.0894,0.0836,0.0803,0.0747
2020-06-22,0.0800,0.0940,0.0843,0.0780,0.0723
2020-06-23,0.0700,0.0857,0.0797,0.0759,0.0700
2020-06-24,0.0800,0.0771,0.0740,0.0711,0.0674
2020-06-25,0.0900,0.0767,0.0732,0.0708,0.0662
2020-06-26,0.0800,0.0740,0.0715,0.0697,0.0628
2020-06-29,0.0800,0.0741,0.0686,0.0664,0.0617
2020-06-30,0.1000,0.0719,0.0673,0.0647,0.0602
2020-07-01,0.1100,0.0780,0.0709,0.0710,0.0650
2020-07-02,0.1100,0.0759,0.0767,0.0769,0.0726
2020-07-06,0.1000,0.0940,0.0910,0.0864,0.0798
2020-07-07,0.1000,0.0897,0.0855,0.0848,0.0760
2020-07-08,0.1000,0.0882,0.0826,0.0806,0.0737
2020-07-09,0.1000,0.0876,0.0830,0.0815,0.0746
2020-07-10,0.1000,0.0913,0.0890,0.0838,0.0752
2020-07-13,0.1000,0.0878,0.0862,0.0832,0.0760
2020-07-14,0.1100,0.0884,0.0878,0.0829,0.0753
2020-07-15,0.1300,0.0872,0.0860,0.0815,0.0740
2020-07-16,0.1200,0.0858,0.0819,0.0803,0.0739
2020-07-17,0.1200,0.0859,0.0826,0.0815,0.0744
2020-07-20,0.1200,0.0899,0.0873,0.0843,0.0758
2020-07-21,0.1100,0.0975,0.0950,0.0860,0.0776
2020-07-22,0.1000,0.0999,0.0932,0.0863,0.0780
2020-07-23,0.1000,0.0890,0.0831,0.0791,0.0733
2020-07-24,0.1000,0.0912,0.0845,0.0800,0.0733
2020-07-27,0.1000,0.0886,0.0830,0.0769,0.0720
2020-07-28,0.1000,0.0871,0.0821,0.0753,0.0705
2020-07-29,0.0900,0.0853,0.0816,0.0761,0.0700
2020-07-30,0.1000,0.0830,0.0744,0.0699,0.0636
2020-07-31,0.1000,0.0779,0.0741,0.0698,0.0628
2020-08-03,0.1000,0.0858,0.0793,0.0723,0.0666
2020-08-04,0.0900,0.0826,0.0786,0.0740,0.0650
2020-08-05,0.0900,0.0804,0.0767,0.0727,0.0668
2020-08-06,0.0900,0.0780,0.0750,0.0729,0.0676
2020-08-07,0.0900,0.0775,0.0744,0.0720,0.0673
2020-08-10,0.0900,0.0975,0.0864,0.0803,0.0731
2020-08-11,0.1000,0.1027,0.0899,0.0826,0.0726
2020-08-12,0.0900,0.0883,0.0844,0.0816,0.0764
2020-08-13,0.0900,0.0925,0.0875,0.0850,0.0789
2020-08-14,0.0900,0.0885,0.0918,0.0888,0.0828
2020-08-17,0.1000,0.0907,0.0893,0.0871,0.0825
2020-08-18,0.0900,0.0977,0.0912,0.0872,0.0818
2020-08-19,0.0900,0.0770,0.0740,0.0740,0.0730
2020-08-20,0.0700,0.0750,0.0730,0.0727,0.0707
2020-08-21,0.0700,0.0745,0.0727,0.0716,0.0694
2020-08-24,0.0800,0.0688,0.0717,0.0722,0.0717
2020-08-25,0.0800,0.0786,0.0789,0.0782,0.0761
2020-08-26,0.0700,0.0755,0.0759,0.0767,0.0755
2020-08-27,0.0700,0.0695,0.0702,0.0704,0.0715
2020-08-28,0.0700,0.0741,0.0741,0.0727,0.0704
2020-08-31,0.0900,0.0740,0.0748,0.0747,0.0730
2020-09-01,0.0900,0.0720,0.0740,0.0739,0.0718
2020-09-02,0.0900,0.0740,0.0760,0.0750,0.0730
2020-09-03,0.1000,0.0736,0.0745,0.0744,0.0707
2020-09-04,0.0900,0.0823,0.0840,0.0809,0.0760
2020-09-08,0.0900,0.0842,0.0843,0.0826,0.0790
2020-09-09,0.0900,0.0822,0.0826,0.0819,0.0804
2020-09-10,0.0900,0.0821,0.0823,0.0816,0.0790
2020-09-11,0.0900,0.0787,0.0780,0.0773,0.0740
2020-09-14,0.0900,0.0780,0.0766,0.0766,0.0750
2020-09-15,0.1000,0.0798,0.0788,0.0770,0.0758
2020-09-16,0.1000,0.0773,0.0758,0.0739,0.0737
2020-09-17,0.1000,0.0773,0.0759,0.0744,0.0727
2020-09-18,0.0900,0.0804,0.0778,0.0754,0.0747
2020-09-21,0.0800,0.0760,0.0745,0.0730,0.0734
2020-09-22,0.0700,0.0742,0.0737,0.0740,0.0714
2020-09-23,0.0600,0.0775,0.0749,0.0734,0.0705
2020-09-24,0.0700,0.0748,0.0727,0.0720,0.0696
2020-09-25,0.0800,0.0763,0.0742,0.0734,0.0702
2020-09-28,0.0800,0.0655,0.0742,0.0738,0.0697
2020-09-29,0.0700,0.0752,0.0722,0.0750,0.0680
2020-09-30,0.0800,0.0734,0.0722,0.0769,0.0694
2020-10-01,0.0800,0.0719,0.0709,0.0760,0.0690
2020-10-02,0.1000,0.0745,0.0722,0.0775,0.0703
2020-10-05,0.0900,0.0791,0.0754,0.0790,0.0719
2020-10-06,0.1000,0.0763,0.0743,0.0785,0.0730
2020-10-07,0.0900,0.0752,0.0752,0.0799,0.0745
2020-10-08,0.0800,0.0750,0.0742,0.0793,0.0738
2020-10-09,0.0900,0.0770,0.0774,0.0797,0.0737
2020-10-13,0.0900,0.0780,0.0757,0.0801,0.0741
2020-10-14,0.0900,0.0798,0.0786,0.0815,0.0755
2020-10-15,0.1000,0.0840,0.0811,0.0848,0.0785
2020-10-16,0.0900,0.0825,0.0816,0.0836,0.0790
2020-10-19,0.0900,0.0814,0.0801,0.0838,0.0789
2020-10-20,0.0800,0.0830,0.0831,0.0847,0.0795
2020-10-21,0.0700,0.0810,0.0832,0.0855,0.0800
2020-10-22,0.0700,0.0825,0.0820,0.0863,0.0811
2020-10-23,0.0800,0.0845,0.0833,0.0864,0.0815
2020-10-26,0.0900,0.0830,0.0806,0.0821,0.0769
2020-10-27,0.0900,0.0835,0.0818,0.0826,0.0789
2020-10-28,0.0800,0.0835,0.0806,0.0826,0.0771
2020-10-29,0.0900,0.0823,0.0866,0.0870,0.0775
2020-10-30,0.0900,0.0825,0.0877,0.0835,0.0803
2020-11-02,0.1100,0.0832,0.0825,0.0800,0.0775
2020-11-03,0.1000,0.0882,0.0900,0.0878,0.0825
2020-11-04,0.1000,0.0899,0.0895,0.0881,0.0815
2020-11-05,0.1100,0.0955,0.0939,0.0897,0.0820
2020-11-06,0.1000,0.0915,0.0921,0.0902,0.0828
2020-11-09,0.1000,0.0890,0.0911,0.1000,0.0830
2020-11-10,0.1000,0.0885,0.0896,0.0900,0.0865
2020-11-12,0.0900,0.0885,0.0890,0.0846,0.0820
2020-11-13,0.0900,0.0850,0.0873,0.0850,0.0820
2020-11-16,0.1000,0.0845,0.0874,0.0856,0.0817
2020-11-17,0.0900,0.0825,0.0847,0.0850,0.0790
2020-11-18,0.0700,0.0780,0.0840,0.0818,0.0789
2020-11-19,0.0600,0.0715,0.0756,0.0742,0.0705
2020-11-20,0.0500,0.0694,0.0711,0.0690,0.0653
2020-11-23,0.0500,0.0696,0.0718,0.0700,0.0657
2020-11-24,0.0700,0.0725,0.0698,0.0690,0.0680
2020-11-25,0.0800,0.0638,0.0709,0.0700,0.0680
2020-11-27,0.0800,0.0780,0.0752,0.0718,0.0690
2020-11-30,0.0900,0.0741,0.0715,0.0700,0.0680
2020-12-01,0.0800,0.0705,0.0693,0.0700,0.0675
2020-12-02,0.0800,0.0735,0.0754,0.0715,0.0690
2020-12-03,0.0800,0.0710,0.0696,0.0700,0.0631
2020-12-04,0.0900,0.0725,0.0720,0.0700,0.0650
2020-12-07,0.0800,0.0654,0.0630,0.0640,0.0600
2020-12-08,0.0700,0.0695,0.0689,0.0658,0.0597
2020-12-09,0.0800,0.0655,0.0624,0.0608,0.0560
2020-12-10,0.0800,0.0690,0.0634,0.0550,0.0595
2020-12-11,0.0800,0.0633,0.0592,0.0600,0.0545
2020-12-14,0.0800,0.0650,0.0619,0.0607,0.0557
2020-12-15,0.0900,0.0695,0.0652,0.0625,0.0570
2020-12-16,0.0900,0.0711,0.0678,0.0659,0.0580
2020-12-17,0.0900,0.0745,0.0700,0.0680,0.0586
2020-12-18,0.0900,0.0730,0.0627,0.0630,0.0561
2020-12-21,0.0900,0.0770,0.0760,0.0630,0.0570
2020-12-22,0.0700,0.0825,0.0745,0.0652,0.0600
2020-12-23,0.0600,0.0653,0.0704,0.0680,0.0583
2020-12-24,0.0800,0.0770,0.0750,0.0700,0.0573
2020-12-28,0.0900,0.0795,0.0740,0.0690,0.0600
2020-12-29,0.1000,0.0790,0.0677,0.0663,0.0610
2020-12-30,0.0900,0.0645,0.0636,0.0618,0.0566
2020-12-31,0.0700,0.0730,0.0690,0.0640,0.0570
2021-01-04,0.1000,0.0715,0.0622,0.0612,0.0576
2021-01-05,0.1100,0.0795,0.0713,0.0654,0.0590
2021-01-06,0.1000,0.0805,0.0718,0.0728,0.0685
2021-01-07,0.1000,0.0785,0.0743,0.0692,0.0663
2021-01-08,0.0900,0.0770,0.0701,0.0677,0.0635
2021-01-11,0.0900,0.0740,0.0702,0.0684,0.0632
2021-01-12,0.0800,0.0765,0.0727,0.0702,0.0671
2021-01-13,0.0800,0.0740,0.0740,0.0699,0.0648
2021-01-14,0.0800,0.0708,0.0720,0.0702,0.0665
2021-01-15,0.0800,0.0694,0.0691,0.0680,0.0630
2021-01-19,0.0700,0.0706,0.0706,0.0697,0.0635
2021-01-20,0.0600,0.0646,0.0630,0.0614,0.0574
2021-01-21,0.0400,0.0625,0.0620,0.0570,0.0545
2021-01-22,0.0500,0.0625,0.0620,0.0591,0.0540
2021-01-25,0.0600,0.0594,0.0578,0.0562,0.0518
2021-01-26,0.0300,0.0525,0.0510,0.0456,0.0460
2021-01-27,0.0300,0.0475,0.0463,0.0431,0.0443
2021-01-28,0.0400,0.0505,0.0492,0.0467,0.0472
2021-01-29,0.0600,0.0375,0.0383,0.0372,0.0408
2021-02-01,0.0700,0.0425,0.0412,0.0412,0.0420
2021-02-02,0.0700,0.0441,0.0433,0.0439,0.0464
2021-02-03,0.0700,0.0420,0.0388,0.0415,0.0425
2021-02-04,0.0500,0.0305,0.0418,0.0345,0.0382
2021-02-05,0.0200,0.0255,0.0350,0.0380,0.0400
2021-02-08,0.0200,0.0290,0.0349,0.0345,0.0411
2021-02-09,0.0500,0.0305,0.0330,0.0380,0.0405
2021-02-10,0.0600,0.0320,0.0350,0.0330,0.0380
2021-02-11,0.0600,0.0310,0.0326,0.0336,0.0380
2021-02-12,0.0500,0.0275,0.0315,0.0335,0.0371
2021-02-16,0.0600,0.0280,0.0340,0.0342,0.0383
2021-02-17,0.0600,0.0260,0.0325,0.0340,0.0390
2021-02-18,0.0300,0.0240,0.0315,0.0341,0.0385
2021-02-19,0.0200,0.0201,0.0265,0.0317,0.0395
2021-02-22,0.0300,0.0265,0.0320,0.0355,0.0440
2021-02-23,0.0100,0.0315,0.0340,0.0388,0.0470
2021-02-24,0.0200,0.0315,0.0373,0.0427,0.0511
2021-02-25,0.0300,0.0325,0.0423,0.0466,0.0540
2021-02-26,0.0100,0.0330,0.0401,0.0470,0.0530
2021-03-01,0.0200,0.0320,0.0375,0.0430,0.0504
2021-03-02,0.0400,0.0355,0.0415,0.0441,0.0517
2021-03-03,0.0400,0.0306,0.0357,0.0413,0.0480
2021-03-04,0.0200,0.0328,0.0384,0.0427,0.0485
2021-03-05,0.0200,0.0301,0.0353,0.0396,0.0460
2021-03-08,0.0200,0.0285,0.0317,0.0361,0.0442
2021-03-09,0.0200,0.0300,0.0350,0.0380,0.0450
2021-03-10,0.0200,0.0320,0.0362,0.0409,0.0480
2021-03-11,0.0100,0.0304,0.0345,0.0385,0.0460
2021-03-12,0.0100,0.0235,0.0276,0.0325,0.0440
2021-03-15,0.0100,0.0257,0.0300,0.0335,0.0450
2021-03-16,0.0100,0.0263,0.0297,0.0355,0.0484
2021-03-17,0.0100,0.0165,0.0182,0.0195,0.0305
2021-03-18,0.0100,0.0161,0.0205,0.0239,0.0335
2021-03-19,0.0100,0.0110,0.0110,0.0143,0.0211
2021-03-22,0.0100,0.0117,0.0135,0.0160,0.0233
2021-03-23,0.0100,0.0115,0.0155,0.0185,0.0262
2021-03-24,0.0100,0.0155,0.0151,0.0185,0.0260
2021-03-25,0.0100,0.0174,0.0173,0.0203,0.0272
2021-03-26,0.0100,0.0183,0.0200,0.0213,0.0297
2021-03-29,0.0100,0.0186,0.0180,0.0210,0.0291
2021-03-30,0.0100,0.0170,0.0159,0.0190,0.0281
2021-03-31,0.0100,0.0141,0.0160,0.0185,0.0290
2021-04-01,0.0100,0.0140,0.0170,0.0190,0.0283
2021-04-05,0.0100,0.0150,0.0177,0.0209,0.0291
2021-04-06,0.0100,0.0169,0.0190,0.0218,0.0295
2021-04-07,0.0100,0.0205,0.0236,0.0285,0.0360
2021-04-08,0.0100,0.0235,0.0275,0.0316,0.0380
2021-04-09,0.0100,0.0203,0.0238,0.0286,0.0350
2021-04-12,0.0100,0.0217,0.0264,0.0305,0.0371
2021-04-13,0.0100,0.0230,0.0261,0.0300,0.0368
2021-04-14,0.0100,0.0234,0.0260,0.0300,0.0368
2021-04-15,0.0100,0.0210,0.0280,0.0303,0.0375
2021-04-16,0.0100,0.0228,0.0282,0.0325,0.0403
2021-04-19,0.0100,0.0209,0.0231,0.0300,0.0381
2021-04-20,0.0100,0.0215,0.0240,0.0300,0.0392
2021-04-21,0.0100,0.0205,0.0241,0.0295,0.0392
2021-04-22,0.0100,0.0216,0.0260,0.0315,0.0398
2021-04-23,0.0100,0.0226,0.0265,0.0302,0.0376
2021-04-26,0.0100,0.0220,0.0262,0.0295,0.0378
2021-04-27,0.0100,0.0236,0.0268,0.0310,0.0404
2021-04-28,0.0100,0.0145,0.0205,0.0245,0.0330
2021-04-29,0.0100,0.0185,0.0261,0.0325,0.0394
2021-04-30,0.0100,0.0210,0.0261,0.0320,0.0384
2021-05-03,0.0100,0.0213,0.0310,0.0370,0.0444
2021-05-04,0.0100,0.0184,0.0279,0.0340,0.0410
2021-05-05,0.0100,0.0199,0.0254,0.0310,0.0372
2021-05-06,0.0100,0.0156,0.0253,0.0295,0.0370
2021-05-07,0.0100,0.0133,0.0225,0.0275,0.0346
2021-05-10,0.0100,0.0158,0.0227,0.0275,0.0340
2021-05-11,0.0100,0.0151,0.0240,0.0280,0.0332
2021-05-12,0.0100,0.0127,0.0228,0.0271,0.0331
2021-05-13,0.0100,0.0140,0.0243,0.0275,0.0334
2021-05-14,0.0100,0.0136,0.0231,0.0265,0.0310
2021-05-17,0.0100,0.0154,0.0228,0.0262,0.0316
2021-05-18,0.0100,0.0173,0.0220,0.0250,0.0305
2021-05-19,0.0100,0.0150,0.0252,0.0276,0.0320
2021-05-20,0.0100,0.0180,0.0230,0.0270,0.0315
2021-05-21,0.0100,0.0175,0.0240,0.0277,0.0328
2021-05-24,0.0100,0.0188,0.0233,0.0275,0.0330
2021-05-25,0.0100,0.0148,0.0213,0.0265,0.0302
2021-05-26,0.0100,0.0159,0.0208,0.0250,0.0287
2021-05-27,0.0100,0.0172,0.0232,0.0264,0.0292
2021-05-28,0.0100,0.0190,0.0236,0.0250,0.0285
2021-06-01,0.0100,0.0210,0.0260,0.0285,0.0330
2021-06-02,0.0100,0.0219,0.0260,0.0290,0.0329
2021-06-03,0.0100,0.0218,0.0264,0.0280,0.0319
2021-06-04,0.0100,0.0222,0.0262,0.0295,0.0335
2021-06-07,0.0100,0.0211,0.0254,0.0285,0.0328
2021-06-08,0.0100,0.0218,0.0257,0.0290,0.0345
2021-06-09,0.0100,0.0197,0.0230,0.0265,0.0313
2021-06-10,0.0100,0.0205,0.0238,0.0260,0.0317
2021-06-11,0.0100,0.0195,0.0242,0.0265,0.0313
2021-06-14,0.0100,0.0262,0.0290,0.0325,0.0360
2021-06-15,0.0100,0.0265,0.0291,0.0325,0.0352
2021-06-16,0.0100,0.0500,0.0485,0.0485,0.0497
2021-06-17,0.0500,0.0470,0.0469,0.0480,0.0500
2021-06-18,0.0500,0.0477,0.0470,0.0475,0.0490
2021-06-21,0.0500,0.0477,0.0464,0.0480,0.0490
2021-06-22,0.0500,0.0425,0.0437,0.0440,0.0448
2021-06-23,0.0500,0.0427,0.0449,0.0455,0.0485
2021-06-24,0.0500,0.0426,0.0445,0.0455,0.0489
2021-06-25,0.0500,0.0474,0.0470,0.0480,0.0493
2021-06-28,0.0500,0.0460,0.0468,0.0470,0.0488
2021-06-29,0.0500,0.0462,0.0463,0.0465,0.0489
2021-06-30,0.0500,0.0463,0.0457,0.0464,0.0489
2021-07-01,0.0500,0.0466,0.0465,0.0475,0.0500
2021-07-02,0.0500,0.0481,0.0479,0.0480,0.0501
2021-07-06,0.0500,0.0481,0.0503,0.0475,0.0489
2021-07-07,0.0500,0.0482,0.0505,0.0500,0.0475
2021-07-08,0.0500,0.0479,0.0505,0.0497,0.0467
2021-07-09,0.0500,0.0501,0.0476,0.0481,0.0488
2021-07-12,0.0500,0.0472,0.0472,0.0484,0.0493
2021-07-13,0.0500,0.0474,0.0479,0.0487,0.0505
2021-07-14,0.0500,0.0475,0.0477,0.0482,0.0463
2021-07-15,0.0500,0.0474,0.0472,0.0476,0.0493
2021-07-16,0.0500,0.0471,0.0474,0.0476,0.0500
2021-07-19,0.0500,0.0474,0.0470,0.0475,0.0464
2021-07-20,0.0500,0.0465,0.0476,0.0476,0.0494
2021-07-21,0.0500,0.0470,0.0464,0.0478,0.0496
2021-07-22,0.0500,0.0473,0.0470,0.0475,0.0495
2021-07-23,0.0500,0.0474,0.0475,0.0480,0.0503
2021-07-26,0.0500,0.0473,0.0478,0.0485,0.0449
2021-07-27,0.0500,0.0475,0.0482,0.0490,0.0508
2021-07-28,0.0500,0.0480,0.0480,0.0490,0.0492
2021-07-29,0.0500,0.0475,0.0483,0.0490,0.0492
2021-07-30,0.0500,0.0480,0.0485,0.0490,0.0475
2021-08-02,0.0500,0.0482,0.0485,0.0490,0.0485
2021-08-03,0.0500,0.0485,0.0496,0.0485,0.0476
2021-08-04,0.0500,0.0485,0.0485,0.0485,0.0475
2021-08-05,0.0500,0.0489,0.0490,0.0490,0.0495
2021-08-06,0.0500,0.0493,0.0495,0.0495,0.0503
2021-08-09,0.0500,0.0471,0.0490,0.0490,0.0500
2021-08-10,0.0500,0.0500,0.0495,0.0507,0.0517
2021-08-11,0.0500,0.0490,0.0490,0.0495,0.0505
2021-08-12,0.0500,0.0490,0.0494,0.0495,0.0513
2021-08-13,0.0500,0.0501,0.0506,0.0510,0.0522
2021-08-16,0.0500,0.0464,0.0506,0.0510,0.0525
2021-08-17,0.0500,0.0463,0.0500,0.0510,0.0524
2021-08-18,0.0500,0.0500,0.0500,0.0505,0.0520
2021-08-19,0.0500,0.0490,0.0490,0.0500,0.0526
2021-08-20,0.0500,0.0486,0.0490,0.0505,0.0518
2021-08-23,0.0500,0.0485,0.0502,0.0510,0.0527
2021-08-24,0.0500,0.0500,0.0519,0.0520,0.0535
2021-08-25,0.0500,0.0493,0.0521,0.0520,0.0545
2021-08-26,0.0500,0.0497,0.0513,0.0519,0.0533
2021-08-27,0.0500,0.0495,0.0500,0.0510,0.0522
2021-08-30,0.0500,0.0493,0.0506,0.0509,0.0515
2021-08-31,0.0500,0.0495,0.0505,0.0507,0.0515
2021-09-01,0.0500,0.0500,0.0505,0.0515,0.0520
2021-09-02,0.0500,0.0503,0.0517,0.0520,0.0528
2021-09-03,0.0500,0.0517,0.0520,0.0530,0.0534
2021-09-07,0.0500,0.0517,0.0520,0.0525,0.0533
2021-09-08,0.0500,0.0516,0.0527,0.0525,0.0531
2021-09-09,0.0500,0.0516,0.0520,0.0525,0.0522
2021-09-10,0.0500,0.0513,0.0519,0.0517,0.0520
2021-09-13,0.0500,0.0530,0.0533,0.0530,0.0523
2021-09-14,0.0500,0.0522,0.0528,0.0535,0.0525
2021-09-15,0.0500,0.0551,0.0545,0.0585,0.0552
2021-09-16,0.0500,0.0575,0.0600,0.0590,0.0570
2021-09-17,0.0500,0.0575,0.0590,0.0590,0.0557
2021-09-20,0.0500,0.0561,0.0574,0.0570,0.0553
2021-09-21,0.0500,0.0535,0.0555,0.0555,0.0539
2021-09-22,0.0500,0.0550,0.0568,0.0580,0.0549
2021-09-23,0.0500,0.0566,0.0580,0.0573,0.0561
2021-09-24,0.0500,0.0555,0.0578,0.0569,0.0563
2021-09-27,0.0500,0.0570,0.0594,0.0583,0.0575
2021-09-28,0.0500,0.0580,0.0587,0.0573,0.0565
2021-09-29,0.0500,0.0540,0.0547,0.0550,0.0543
2021-09-30,0.0500,0.0540,0.0545,0.0560,0.0545
2021-10-01,0.0500,0.0580,0.0580,0.0570,0.0549
2021-10-04,0.0500,0.0575,0.0573,0.0566,0.0544
2021-10-05,0.0500,0.0575,0.0572,0.0565,0.0550
2021-10-06,0.0500,0.0536,0.0548,0.0556,0.0546
2021-10-07,0.0500,0.0530,0.0530,0.0545,0.0555
2021-10-08,0.0500,0.0525,0.0535,0.0540,0.0555
2021-10-12,0.0500,0.0530,0.0530,0.0545,0.0565
2021-10-13,0.0500,0.0520,0.0527,0.0544,0.0595
2021-10-14,0.0500,0.0515,0.0530,0.0538,0.0590
2021-10-15,0.0500,0.0523,0.0530,0.0549,0.0606
2021-10-18,0.0500,0.0480,0.0490,0.0520,0.0610
2021-10-19,0.0300,0.0480,0.0490,0.0518,0.0601
2021-10-20,0.0300,0.0395,0.0421,0.0446,0.0557
2021-10-21,0.0300,0.0430,0.0452,0.0467,0.0600
2021-10-22,0.0500,0.0440,0.0454,0.0457,0.0620
2021-10-25,0.0400,0.0458,0.0460,0.0477,0.0602
2021-10-26,0.0500,0.0421,0.0425,0.0448,0.0585
2021-10-27,0.0500,0.0444,0.0450,0.0480,0.0630
2021-10-28,0.0500,0.0435,0.0448,0.0470,0.0620
2021-10-29,0.0500,0.0442,0.0462,0.0488,0.0671
2021-11-01,0.0500,0.0440,0.0460,0.0483,0.0631
2021-11-02,0.0500,0.0437,0.0436,0.0453,0.0550
2021-11-03,0.0500,0.0435,0.0430,0.0446,0.0570
2021-11-04,0.0500,0.0440,0.0445,0.0460,0.0565
2021-11-05,0.0500,0.0440,0.0440,0.0465,0.0540
2021-11-08,0.0500,0.0445,0.0445,0.0480,0.0590
2021-11-09,0.0500,0.0455,0.0450,0.0476,0.0557
2021-11-10,0.0500,0.0455,0.0480,0.0510,0.0652
2021-11-12,0.0500,0.0450,0.0482,0.0505,0.0685
2021-11-15,0.0500,0.0451,0.0485,0.0525,0.0710
2021-11-16,0.0500,0.0460,0.0485,0.0515,0.0717
2021-11-17,0.0500,0.0462,0.0491,0.0526,0.0713
2021-11-18,0.0500,0.0466,0.0500,0.0535,0.0695
2021-11-19,0.0500,0.0470,0.0488,0.0530,0.0762
2021-11-22,0.0500,0.0495,0.0507,0.0549,0.0850
2021-11-23,0.0500,0.0501,0.0514,0.0560,0.0860
2021-11-24,0.0500,0.0530,0.0524,0.0545,0.0954
2021-11-26,0.0500,0.0530,0.0517,0.0538,0.0742
2021-11-29,0.0500,0.0525,0.0520,0.0540,0.0750
2021-11-30,0.0500,0.0540,0.0530,0.0553,0.0923
2021-12-01,0.0500,0.0538,0.0535,0.0547,0.0895
2021-12-02,0.0500,0.0531,0.0535,0.0557,0.0967
2021-12-03,0.0500,0.0525,0.0539,0.0558,0.0934
2021-12-06,0.0500,0.0535,0.0550,0.0574,0.1055
2021-12-07,0.0500,0.0530,0.0552,0.0590,0.1184
2021-12-08,0.0500,0.0533,0.0555,0.0585,0.1130
2021-12-09,0.0500,0.0540,0.0560,0.0590,0.1209
2021-12-10,0.0500,0.0527,0.0559,0.0590,0.1190
2021-12-13,0.0500,0.0575,0.0598,0.0641,0.1162
2021-12-14,0.0500,0.0592,0.0645,0.0675,0.1251
2021-12-15,0.0500,0.0540,0.0580,0.0610,0.1359
2021-12-16,0.0500,0.0545,0.0578,0.0626,0.1420
2021-12-17,0.0500,0.0540,0.0574,0.0640,0.1500
2021-12-20,0.0400,0.0560,0.0574,0.0660,0.1520
2021-12-21,0.0500,0.0521,0.0554,0.0665,0.1596
2021-12-22,0.0500,0.0518,0.0560,0.0690,0.1660
2021-12-23,0.0500,0.0520,0.0560,0.0770,0.1790
2021-12-27,0.0500,0.0534,0.0563,0.0787,0.1868
2021-12-28,0.0500,0.0532,0.0567,0.0825,0.1960
2021-12-29,0.0500,0.0529,0.0570,0.0845,0.1930
2021-12-30,0.0500,0.0535,0.0582,0.0890,0.1915
2021-12-31,0.0500,0.0534,0.0580,0.0890,0.1930
2022-01-03,0.0500,0.0535,0.0565,0.0908,0.2001
2022-01-04,0.0500,0.0527,0.0552,0.0908,0.1974
2022-01-05,0.0500,0.0531,0.0560,0.0982,0.2180
2022-01-06,0.0500,0.0563,0.0600,0.1118,0.2390
2022-01-07,0.0500,0.0588,0.0624,0.1143,0.2373
2022-01-10,0.0500,0.0608,0.0650,0.1210,0.2505
2022-01-11,0.0500,0.0563,0.0584,0.1172,0.2460
2022-01-12,0.0500,0.0551,0.0566,0.1232,0.2641
2022-01-13,0.0500,0.0555,0.0605,0.1341,0.2712
2022-01-14,0.0500,0.0576,0.0739,0.1435,0.2935
2022-01-18,0.0500,0.0585,0.0792,0.1569,0.3270
2022-01-19,0.0500,0.0600,0.0795,0.1645,0.3334
2022-01-20,0.0400,0.0609,0.0910,0.1690,0.3345
2022-01-21,0.0500,0.0579,0.0910,0.1638,0.3270
2022-01-24,0.0400,0.0575,0.1000,0.1629,0.3222
2022-01-25,0.0500,0.0584,0.1035,0.1706,0.3408
2022-01-26,0.0400,0.0515,0.1052,0.1855,0.3840
2022-01-27,0.0400,0.0495,0.1210,0.1978,0.4110
2022-01-28,0.0500,0.0493,0.1230,0.1964,0.4127
2022-01-31,0.0500,0.0486,0.1400,0.2080,0.4385
2022-02-01,0.0500,0.0500,0.1350,0.1999,0.4200
2022-02-02,0.0500,0.0498,0.1339,0.1980,0.4152
2022-02-03,0.0500,0.0497,0.1549,0.2325,0.4560
2022-02-04,0.0500,0.0588,0.1856,0.2685,0.5285
2022-02-07,0.0500,0.0575,0.1830,0.2510,0.5090
2022-02-08,0.0500,0.0560,0.1908,0.2684,0.5340
2022-02-09,0.0400,0.0575,0.1903,0.2711,0.5440
2022-02-10,0.0500,0.1235,0.3040,0.4045,0.7080
2022-02-11,0.0500,0.0885,0.2489,0.3460,0.6638
2022-02-14,0.0500,0.0715,0.2655,0.3613,0.6710
2022-02-15,0.0500,0.0690,0.2689,0.3657,0.6677
2022-02-16,0.0500,0.0734,0.2520,0.3465,0.6322
2022-02-17,0.0500,0.1205,0.2644,0.3653,0.6380
2022-02-18,0.0500,0.1220,0.2493,0.3443,0.6150
2022-02-22,0.0500,0.1436,0.2770,0.3870,0.6785
2022-02-23,0.0500,0.1530,0.2737,0.3882,0.6852
2022-02-24,0.0500,0.1841,0.2597,0.3720,0.6455
2022-02-25,0.0500,0.2066,0.2872,0.4040,0.6600
2022-02-28,0.0500,0.2131,0.2626,0.3650,0.5970
2022-03-01,0.0500,0.2155,0.2630,0.3615,0.5725
2022-03-02,0.0500,0.2151,0.2625,0.3903,0.6511
2022-03-03,0.0500,0.2435,0.3028,0.4105,0.6755
2022-03-04,0.0500,0.2410,0.2920,0.4015,0.6555
2022-03-07,0.0500,0.2494,0.2965,0.4140,0.6835
2022-03-08,0.0500,0.2564,0.3066,0.4169,0.6884
2022-03-09,0.0500,0.2712,0.3305,0.4493,0.7290
2022-03-10,0.0500,0.2883,0.3590,0.4610,0.7435
2022-03-11,0.0500,0.2993,0.3750,0.4750,0.7760
2022-03-14,0.0500,0.3226,0.3993,0.5130,0.8269
2022-03-15,0.0500,0.3346,0.4115,0.5189,0.8340
2022-03-16,0.0500,0.3143,0.3826,0.5007,0.8140
2022-03-17,0.3000,0.3050,0.3999,0.4975,0.8191
2022-03-18,0.3000,0.3042,0.4117,0.5202,0.8563
2022-03-21,0.2900,0.3100,0.4349,0.5610,0.9413
2022-03-22,0.2800,0.3108,0.4462,0.5799,0.9763
2022-03-23,0.2700,0.3050,0.4465,0.5917,0.9625
2022-03-24,0.2700,0.3003,0.4817,0.6158,1.0132
2022-03-25,0.2800,0.3044,0.4898,0.6335,1.0480
2022-03-28,0.2800,0.3085,0.4955,0.6440,1.0650
2022-03-29,0.2800,0.3040,0.4899,0.6391,1.0545
2022-03-30,0.2700,0.2975,0.4898,0.6384,1.0475
2022-03-31,0.2900,0.2880,0.5128,0.6670,1.0680
2022-04-01,0.3000,0.2968,0.5255,0.6877,1.1100
2022-04-04,0.3000,0.3190,0.5405,0.7065,1.1200
2022-04-05,0.3000,0.3610,0.5530,0.7240,1.1505
2022-04-06,0.3000,0.3660,0.5665,0.7418,1.1838
2022-04-07,0.3000,0.3986,0.5950,0.7740,1.1960
2022-04-08,0.3000,0.4175,0.5975,0.7860,1.2180
2022-04-11,0.3000,0.4372,0.6159,0.8070,1.2315
2022-04-12,0.2900,0.4630,0.6117,0.8010,1.2040
2022-04-13,0.2900,0.5043,0.6850,0.8465,1.2423
2022-04-14,0.2900,0.5194,0.6952,0.8569,1.2667
2022-04-18,0.2900,0.5377,0.7005,0.8747,1.2795
2022-04-19,0.2800,0.5714,0.7146,0.8995,1.3335
2022-04-20,0.2700,0.5744,0.7280,0.9148,1.3594
2022-04-21,0.2600,0.6260,0.8075,0.9650,1.4260
2022-04-22,0.2700,0.6394,0.8180,0.9850,1.4800
2022-04-25,0.2700,0.6575,0.8305,1.0043,1.4981
2022-04-26,0.2700,0.6774,0.8315,0.9947,1.4590
2022-04-27,0.2800,0.6943,0.8567,1.0230,1.5045
2022-04-28,0.2800,0.7470,0.9385,1.0910,1.5440
2022-04-29,0.2800,0.7730,0.9715,1.1419,1.6210
2022-05-02,0.3000,0.7870,0.9653,1.1340,1.5975
2022-05-03,0.3000,0.8065,0.9870,1.1635,1.6460
2022-05-04,0.3000,0.7906,0.9690,1.1556,1.5870
2022-05-05,0.7900,0.7891,1.0103,1.1814,1.6225
2022-05-06,0.7800,0.7869,1.0086,1.1874,1.6220
2022-05-09,0.7800,0.7842,1.0045,1.1800,1.5990
2022-05-10,0.7800,0.7795,1.0150,1.1990,1.6304
2022-05-11,0.7800,0.7790,1.0210,1.2220,1.6480
2022-05-12,0.7900,0.7775,1.0540,1.2400,1.6575
2022-05-13,0.7900,0.7975,1.0634,1.2540,1.6683
2022-05-16,0.8000,0.8607,1.0660,1.2650,1.6810
2022-05-17,0.8000,0.8656,1.0745,1.2850,1.7283
2022-05-18,0.7900,0.8670,1.0799,1.3020,1.7250
2022-05-19,0.7900,0.9030,1.1125,1.3201,1.7340
2022-05-20,0.7800,0.9213,1.1169,1.3247,1.7295
2022-05-23,0.7800,0.9663,1.1315,1.3499,1.7578
2022-05-24,0.7800,0.9680,1.1325,1.3472,1.7335
2022-05-25,0.7800,0.9723,1.1393,1.3638,1.7300
2022-05-26,0.7800,1.0280,1.1734,1.3910,1.7530
2022-05-27,0.7800,1.0404,1.2016,1.3928,1.7550
2022-05-31,0.7900,1.0795,1.2195,1.4130,1.8000
2022-06-01,0.8000,1.0878,1.2367,1.4400,1.8368
2022-06-02,0.7900,1.1252,1.3026,1.4610,1.8560
2022-06-03,0.7800,1.1435,1.3132,1.4723,1.8710
2022-06-06,0.7800,1.1603,1.3245,1.4899,1.8920
2022-06-07,0.7700,1.1855,1.3395,1.4972,1.8933
2022-06-08,0.7600,1.1949,1.3547,1.5163,1.9195
2022-06-09,0.7500,1.2376,1.4160,1.5434,1.9500
2022-06-10,0.7500,1.2687,1.4645,1.6093,2.0990
2022-06-13,0.7300,1.4370,1.6563,1.8267,2.3790
2022-06-14,0.6900,1.4790,1.7222,1.8935,2.4806
2022-06-15,0.7000,1.4994,1.7393,1.8995,2.4535
2022-06-16,1.4500,1.4994,1.7873,1.9290,2.5005
2022-06-17,1.4500,1.4970,1.7970,1.9393,2.5190
2022-06-21,1.4500,1.5030,1.8205,1.9710,2.5671
2022-06-22,1.4500,1.4841,1.8092,1.9815,2.5520
2022-06-23,1.4400,1.4860,1.8580,2.0058,2.5485
2022-06-24,1.4600,1.4986,1.8570,2.0075,2.5290
2022-06-27,1.5000,1.5264,1.8801,2.0425,2.5697
2022-06-28,1.5200,1.5280,1.8868,2.0480,2.5763
2022-06-29,1.5100,1.5884,1.8920,2.0684,2.5845
2022-06-30,1.5000,1.6760,1.9380,2.0988,2.5865
2022-07-01,1.5200,1.7297,1.9444,2.1130,2.5850
2022-07-05,1.5400,1.7380,1.9628,2.1260,2.5845
2022-07-06,1.5400,1.7710,2.0055,2.2019,2.6580
2022-07-07,1.5400,1.8420,2.0448,2.2201,2.6771
2022-07-08,1.5300,1.8855,2.0785,2.2685,2.7510
2022-07-11,1.5300,1.9310,2.0922,2.2862,2.7557
2022-07-12,1.5400,1.9445,2.1045,2.3023,2.7686
2022-07-13,1.5300,2.0552,2.2480,2.5141,3.0194
2022-07-14,1.5300,2.0915,2.2296,2.4693,2.9360
2022-07-15,1.5400,2.0957,2.2133,2.4391,2.8920
2022-07-18,1.5400,2.1328,2.2256,2.4549,2.9085
2022-07-19,1.5400,2.1640,2.2530,2.4872,2.9560
2022-07-20,1.5300,2.1797,2.2600,2.5068,2.9500
2022-07-21,1.5300,2.2506,2.3320,2.5318,2.9399
2022-07-22,1.5200,2.2599,2.3254,2.5170,2.8930
2022-07-25,1.5300,2.2980,2.3605,2.5460,2.9250
2022-07-26,1.5300,2.3212,2.3807,2.5575,2.9380
2022-07-27,1.5300,2.2896,2.3590,2.5420,2.8955
2022-07-28,2.2800,2.2798,2.3825,2.5364,2.8650
2022-07-29,2.2700,2.2847,2.3915,2.5508,2.8948
2022-08-01,2.2800,2.2850,2.3912,2.5504,2.8800
2022-08-02,2.3000,2.2900,2.4123,2.5830,2.9530
2022-08-03,2.2900,2.2922,2.4250,2.6097,2.9613
2022-08-04,2.2900,2.2920,2.4710,2.6170,2.9719
2022-08-05,2.2800,2.3040,2.5150,2.6870,3.0936
2022-08-08,2.2800,2.3135,2.5160,2.6960,3.0873
2022-08-09,2.2900,2.3113,2.5220,2.7332,3.1245
2022-08-10,2.2800,2.2950,2.5035,2.6923,3.0736
2022-08-11,2.2800,2.2961,2.5335,2.7011,3.0770
2022-08-12,2.2800,2.2944,2.5410,2.7184,3.0930
2022-08-15,2.2900,2.2940,2.5400,2.7220,3.0810
2022-08-16,2.2900,2.2995,2.5525,2.7379,3.1136
2022-08-17,2.2900,2.2940,2.5555,2.7500,3.1140
2022-08-18,2.2800,2.2939,2.5950,2.7745,3.1180
2022-08-19,2.2800,2.3146,2.5994,2.7865,3.1300
2022-08-22,2.2800,2.3740,2.6285,2.8347,3.1905
2022-08-23,2.2700,2.3730,2.6340,2.8350,3.2025
2022-08-24,2.2700,2.3763,2.6516,2.8754,3.2365
2022-08-25,2.2800,2.4360,2.6925,2.8950,3.2510
2022-08-26,2.2800,2.4530,2.6960,2.9095,3.2605
2022-08-29,2.2800,2.4627,2.7220,2.9435,3.3125
2022-08-30,2.2900,2.5095,2.7227,2.9488,3.3230
2022-08-31,2.2900,2.5205,2.7410,2.9746,3.3535
2022-09-01,2.2900,2.5968,2.8195,3.0235,3.3935
2022-09-02,2.2900,2.5963,2.7932,2.9897,3.3355
2022-09-06,2.2900,2.6720,2.8495,3.0590,3.4310
2022-09-07,2.2800,2.6904,2.8760,3.0790,3.4270
2022-09-08,2.2800,2.7556,2.9765,3.1461,3.4940
2022-09-09,2.2800,2.7830,2.9947,3.1765,3.5400
2022-09-12,2.2800,2.8135,3.0161,3.2034,3.5655
2022-09-13,2.2800,2.9260,3.1440,3.3480,3.7760
2022-09-14,2.2700,2.9276,3.1540,3.3647,3.8075
2022-09-15,2.2800,2.9947,3.2371,3.4195,3.8625
2022-09-16,2.2700,3.0195,3.2485,3.4369,3.8455
2022-09-19,2.2700,3.0463,3.2675,3.4649,3.8855
2022-09-20,2.2600,3.0771,3.2920,3.4830,3.9000
2022-09-21,2.2500,3.0387,3.2689,3.4711,3.9326
2022-09-22,2.9900,3.0320,3.3153,3.5175,3.9690
2022-09-23,2.9900,3.0367,3.3235,3.5270,3.9850
2022-09-26,2.9900,3.0438,3.3331,3.5466,3.9990
2022-09-27,2.9800,3.0320,3.3190,3.5226,3.9435
2022-09-28,2.9800,3.0218,3.3235,3.5270,3.9284
2022-09-29,2.9600,3.0175,3.3610,3.5699,3.9658
2022-09-30,2.9800,3.0450,3.3790,3.5997,4.0045
2022-10-03,3.0000,3.1128,3.3892,3.6137,3.9882
2022-10-04,3.0400,3.1241,3.4155,3.6427,4.0147
2022-10-05,3.0400,3.1277,3.4295,3.6745,4.0390
2022-10-06,3.0500,3.2698,3.4910,3.7380,4.1190
2022-10-07,3.0500,3.2795,3.5055,3.7707,4.1660
2022-10-11,3.0500,3.2955,3.5290,3.7995,4.1960
2022-10-12,3.0400,3.3022,3.5387,3.8304,4.2028
2022-10-13,3.0400,3.3950,3.6616,3.9265,4.3745
2022-10-14,3.0400,3.4190,3.6664,3.9349,4.3924
2022-10-17,3.0500,3.4635,3.6720,3.9468,4.3945
2022-10-18,3.0400,3.4735,3.6910,3.9551,4.3835
2022-10-19,3.0400,3.4960,3.7267,4.0020,4.4400
2022-10-20,3.0300,3.5790,3.8314,4.0405,4.4840
2022-10-21,3.0200,3.5886,3.8225,4.0169,4.4110
2022-10-24,3.0100,3.6299,3.8413,4.0445,4.4540
2022-10-25,3.0200,3.6460,3.8505,4.0510,4.4470
2022-10-26,3.0300,3.6534,3.8522,4.0442,4.4117
2022-10-27,3.0400,3.7134,3.8975,4.0666,4.3875
2022-10-28,3.0500,3.7380,3.9495,4.0950,4.4662
2022-10-31,3.0500,3.7736,3.9806,4.1295,4.5172
2022-11-01,3.0500,3.8039,3.9986,4.1500,4.5400
2022-11-02,3.0500,3.8078,4.0059,4.1690,4.5435
2022-11-03,3.8000,3.8045,4.0511,4.1940,4.5975
2022-11-04,3.8000,3.7998,4.0406,4.1865,4.5665
2022-11-07,3.7800,3.7996,4.0518,4.2090,4.5960
2022-11-08,3.7800,3.7970,4.0548,4.2125,4.5815
2022-11-09,3.7800,3.7940,4.1026,4.2440,4.5920
2022-11-10,3.7800,3.7902,4.0789,4.2154,4.5289
2022-11-14,3.7900,3.8130,4.0882,4.2295,4.5382
2022-11-15,3.8000,3.8710,4.0948,4.2395,4.5280
2022-11-16,3.8100,3.8733,4.1041,4.2632,4.5455
2022-11-17,3.8000,3.9110,4.1465,4.2902,4.5970
2022-11-18,3.8000,3.9295,4.1588,4.3145,4.6338
2022-11-21,3.8000,3.9572,4.1707,4.3344,4.6578
2022-11-22,3.8000,4.0235,4.1990,4.3790,4.6875
2022-11-23,3.7900,4.0544,4.2269,4.3901,4.6820
2022-11-25,3.8000,4.0655,4.2290,4.3904,4.6835
2022-11-28,3.8000,4.0813,4.2325,4.3941,4.6750
2022-11-29,3.8100,4.1205,4.2400,4.4009,4.6840
2022-11-30,3.8200,4.1254,4.2402,4.3940,4.6581
2022-12-01,3.8200,4.1679,4.2858,4.4154,4.6470
2022-12-02,3.8100,4.1830,4.2925,4.4270,4.6700
2022-12-05,3.8100,4.2128,4.3105,4.4480,4.7195
2022-12-06,3.8000,4.2161,4.3203,4.4541,4.7123
2022-12-07,3.8000,4.2258,4.3303,4.4540,4.6935
2022-12-08,3.8000,4.2770,4.3765,4.4840,4.7185
2022-12-09,3.8000,4.2941,4.3876,4.4965,4.7325
2022-12-12,3.8000,4.3132,4.4150,4.5194,4.7590
2022-12-13,3.8000,4.3215,4.4040,4.4950,4.6915
2022-12-14,3.8000,4.3250,4.4052,4.4905,4.6844
2022-12-15,4.3200,4.3167,4.4241,4.5035,4.7055
2022-12-16,4.3200,4.3167,4.4279,4.5043,4.6897
2022-12-19,4.3000,4.3163,4.4360,4.5206,4.7170
2022-12-20,4.3000,4.3180,4.4415,4.5213,4.7133
2022-12-21,4.3000,4.3167,4.4407,4.5172,4.7050
2022-12-22,4.3000,4.3180,4.4665,4.5450,4.7399
2022-12-23,4.3000,4.3203,4.4748,4.5575,4.7550
2022-12-27,4.3000,4.3220,4.4822,4.5700,4.7850
2022-12-28,4.3000,4.3185,4.4757,4.5635,4.7670
2022-12-29,4.3000,4.3287,4.4922,4.5826,4.7792
2022-12-30,4.3000,4.3565,4.5045,4.5900,4.8005
2023-01-03,4.3100,4.3618,4.5098,4.5993,4.8013
2023-01-04,4.3000,4.3635,4.5114,4.6032,4.8003
2023-01-05,4.3100,4.3995,4.5440,4.6486,4.8549
2023-01-06,4.3100,4.4024,4.5258,4.6188,4.8075
2023-01-09,4.3100,4.4250,4.5290,4.6150,4.7937
2023-01-10,4.3100,4.4304,4.5370,4.6250,4.8028
2023-01-11,4.3000,4.4351,4.5430,4.6340,4.8075
2023-01-12,4.3000,4.4552,4.5315,4.6208,4.7900
2023-01-13,4.3000,4.4753,4.5379,4.6257,4.7942
2023-01-17,4.3100,4.4820,4.5437,4.6332,4.7972
2023-01-18,4.3000,4.4847,4.5464,4.6303,4.7754
2023-01-19,4.3100,4.5088,4.5600,4.6520,4.8012
2023-01-20,4.3000,4.5118,4.5610,4.6518,4.8080
2023-01-23,4.3000,4.5274,4.5785,4.6592,4.8173
2023-01-24,4.3000,4.5286,4.5770,4.6599,4.8162
2023-01-25,4.3100,4.5293,4.5740,4.6560,4.8017
2023-01-26,4.3000,4.5544,4.6005,4.6729,4.8235
2023-01-27,4.3000,4.5574,4.6022,4.6699,4.8190
2023-01-30,4.3000,4.5670,4.6183,4.6824,4.8330
2023-01-31,4.3100,4.5747,4.6210,4.6830,4.8280
2023-02-01,4.3100,4.5677,4.6153,4.6800,4.8155
2023-02-02,4.5600,4.5671,4.6235,4.6923,4.8218
2023-02-03,4.5500,4.5665,4.6330,4.7100,4.8883
2023-02-06,4.5500,4.5665,4.6495,4.7228,4.9445
2023-02-07,4.5500,4.5624,4.6480,4.7258,4.9445
2023-02-08,4.5500,4.5605,4.6483,4.7300,4.9412
2023-02-09,4.5500,4.5623,4.6640,4.7570,4.9625
2023-02-10,4.5500,4.5624,4.6690,4.7600,4.9770
2023-02-13,4.5500,4.5632,4.6819,4.7649,4.9883
2023-02-14,4.5500,4.5634,4.6845,4.7720,5.0106
2023-02-15,4.5500,4.5620,4.6851,4.7770,5.0073
2023-02-16,4.5500,4.5605,4.7092,4.8108,5.0395
2023-02-17,4.5500,4.5610,4.7173,4.8160,5.0515
2023-02-21,4.5500,4.5630,4.7328,4.8420,5.0990
2023-02-22,4.5500,4.5705,4.7385,4.8555,5.1121
2023-02-23,4.5500,4.6045,4.7557,4.8873,5.1209
2023-02-24,4.5500,4.6143,4.7535,4.8834,5.1353
2023-02-27,4.5500,4.6597,4.7607,4.8878,5.1400
2023-02-28,4.5500,4.6617,4.7643,4.8930,5.1555
2023-03-01,4.5500,4.6690,4.7779,4.9175,5.1827
2023-03-02,4.5500,4.6934,4.8068,4.9228,5.1772
2023-03-03,4.5500,4.7070,4.8165,4.9391,5.1925
2023-03-06,4.5500,4.7286,4.8227,4.9530,5.2110
2023-03-07,4.5500,4.7906,4.9131,5.0590,5.3520
2023-03-08,4.5500,4.8115,4.9452,5.1020,5.4000
2023-03-09,4.5500,4.8261,4.9579,5.0727,5.3220
2023-03-10,4.5500,4.7956,4.9057,5.0052,5.1840
2023-03-13,4.5500,4.6647,4.6988,4.7287,4.5405
2023-03-14,4.5500,4.7415,4.8080,4.8735,4.8440
2023-03-15,4.5800,4.6681,4.7165,4.7470,4.5535
2023-03-16,4.5700,4.7511,4.8150,4.8550,4.7970
2023-03-17,4.5500,4.7240,4.7574,4.7627,4.5769
2023-03-20,4.5500,4.7544,4.8079,4.8397,4.7268
2023-03-21,4.5500,4.7810,4.8433,4.8894,4.8820
2023-03-22,4.5500,4.8054,4.8550,4.8810,4.8202
2023-03-23,4.8000,4.7976,4.8477,4.8560,4.7563
2023-03-24,4.8000,4.7934,4.8285,4.8317,4.7201
2023-03-27,4.8100,4.8115,4.8795,4.9040,4.8600
2023-03-28,4.8400,4.8060,4.8645,4.8894,4.8625
2023-03-29,4.8300,4.8025,4.8640,4.8905,4.8711
2023-03-30,4.8200,4.8035,4.8860,4.9095,4.8996
2023-03-31,4.8700,4.8067,4.8900,4.9149,4.9098
2023-04-03,4.8400,4.8138,4.9038,4.9360,4.9334
2023-04-04,4.8300,4.8280,4.8865,4.9019,4.8520
2023-04-05,4.8100,4.8255,4.8868,4.9030,4.8375
2023-04-06,4.8100,4.8350,4.9020,4.9154,4.8640
2023-04-10,4.8100,4.8635,4.9435,4.9789,4.9770
2023-04-11,4.8000,4.8799,4.9460,4.9815,4.9713
2023-04-12,4.8000,4.8780,4.9493,4.9816,4.9508
2023-04-13,4.8000,4.8889,4.9555,4.9815,4.9490
2023-04-14,4.8000,4.9093,4.9841,5.0218,5.0255
2023-04-17,4.8000,4.9250,5.0005,5.0464,5.0646
2023-04-18,4.8000,4.9385,5.0000,5.0466,5.0720
2023-04-19,4.8000,4.9444,5.0088,5.0590,5.0945
2023-04-20,4.8000,4.9590,5.0190,5.0570,5.0710
2023-04-21,4.8000,4.9700,5.0265,5.0620,5.0795
2023-04-24,4.8000,4.9805,5.0295,5.0640,5.0650
2023-04-25,4.8000,4.9731,5.0073,5.0320,5.0050
2023-04-26,4.8000,4.9757,5.0140,5.0448,5.0295
2023-04-27,4.8100,5.0149,5.0580,5.0840,5.0840
2023-04-28,4.8100,5.0138,5.0475,5.0680,5.0595
2023-05-01,4.8100,5.0473,5.0836,5.1123,5.1210
2023-05-02,4.8100,5.0367,5.0505,5.0566,5.0145
2023-05-03,4.8100,5.0505,5.0605,5.0583,4.9855
2023-05-04,5.0600,5.0480,5.0570,5.0505,4.9615
2023-05-05,5.0600,5.0520,5.0701,5.0720,5.0105
2023-05-08,5.0600,5.0560,5.0805,5.0865,5.0370
2023-05-09,5.0600,5.0595,5.0967,5.1050,5.0570
2023-05-10,5.0600,5.0590,5.0790,5.0766,5.0068
2023-05-11,5.0500,5.0560,5.0878,5.0800,5.0040
2023-05-12,5.0500,5.0600,5.0940,5.0915,5.0325
2023-05-15,5.0600,5.0693,5.1020,5.1047,5.0550
2023-05-16,5.0500,5.0747,5.1069,5.1115,5.0720
2023-05-17,5.0500,5.0785,5.1213,5.1323,5.0996
2023-05-18,5.0500,5.0910,5.1486,5.1662,5.1538
2023-05-19,5.0500,5.0865,5.1205,5.1410,5.1290
2023-05-22,5.0500,5.0988,5.1335,5.1674,5.1704
2023-05-23,5.0500,5.1065,5.1470,5.1820,5.1830
2023-05-24,5.0500,5.1210,5.1760,5.2339,5.2600
2023-05-25,5.0600,5.1522,5.2133,5.2723,5.3160
2023-05-26,5.0600,5.1511,5.2186,5.2772,5.3150
2023-05-30,5.0600,5.1656,5.2230,5.2830,5.3144
2023-05-31,5.0800,5.1330,5.1801,5.2405,5.2636
2023-06-01,5.0800,5.1361,5.1812,5.2250,5.2375
2023-06-02,5.0700,5.1426,5.1933,5.2435,5.2840
2023-06-05,5.0600,5.1260,5.1760,5.2289,5.2673
2023-06-06,5.0500,5.1269,5.1717,5.2226,5.2558
2023-06-07,5.0500,5.1410,5.1871,5.2411,5.2760
2023-06-08,5.0500,5.1390,5.1930,5.2352,5.2673
2023-06-09,5.0500,5.1510,5.2070,5.2530,5.2919
2023-06-12,5.0500,5.1403,5.2022,5.2530,5.2964
2023-06-13,5.0500,5.1020,5.1620,5.2111,5.2760
2023-06-14,5.0500,5.0811,5.1460,5.1970,5.2749
2023-06-15,5.0600,5.0779,5.1610,5.2062,5.2845
2023-06-16,5.0500,5.0815,5.1675,5.2170,5.3010
2023-06-20,5.0500,5.0845,5.1777,5.2280,5.3126
2023-06-21,5.0500,5.0875,5.1787,5.2285,5.3136
2023-06-22,5.0500,5.0849,5.1945,5.2374,5.3288
2023-06-23,5.0500,5.0805,5.1880,5.2317,5.3163
2023-06-26,5.0500,5.0869,5.1920,5.2378,5.3248
2023-06-27,5.0500,5.0990,5.1896,5.2355,5.3320
2023-06-28,5.0600,5.0929,5.1910,5.2338,5.3339
2023-06-29,5.0600,5.1160,5.2157,5.2610,5.3770
2023-06-30,5.0900,5.1415,5.2175,5.2635,5.3730
2023-07-03,5.0600,5.1440,5.2255,5.2735,5.3809
2023-07-05,5.0600,5.1430,5.2261,5.2743,5.3752
2023-07-06,5.0600,5.1690,5.2445,5.2910,5.4020
2023-07-07,5.0600,5.1785,5.2490,5.2959,5.4000
2023-07-10,5.0600,5.1940,5.2542,5.2991,5.3980
2023-07-11,5.0600,5.1976,5.2580,5.3042,5.4100
2023-07-12,5.0500,5.2010,5.2610,5.3023,5.3832
2023-07-13,5.0600,5.2204,5.2710,5.3044,5.3725
2023-07-14,5.0500,5.2352,5.2829,5.3195,5.4008
2023-07-17,5.0600,5.2498,5.2890,5.3245,5.3970
2023-07-18,5.0600,5.2560,5.2950,5.3305,5.4063
2023-07-19,5.0500,5.2645,5.3003,5.3358,5.4055
2023-07-20,5.0600,5.2872,5.3150,5.3450,5.4191
2023-07-21,5.0500,5.2943,5.3180,5.3458,5.4133
2023-07-24,5.0500,5.3083,5.3274,5.3560,5.4340
2023-07-25,5.0600,5.3160,5.3335,5.3620,5.4430
2023-07-26,5.0600,5.3186,5.3380,5.3705,5.4410
2023-07-27,5.3100,5.3156,5.3368,5.3686,5.4398
2023-07-28,5.3000,5.3155,5.3385,5.3645,5.4295
2023-07-31,5.3100,5.3155,5.3365,5.3640,5.4289
2023-08-01,5.3100,5.3157,5.3375,5.3638,5.4302
2023-08-02,5.3000,5.3152,5.3380,5.3669,5.4255
2023-08-03,5.3000,5.3144,5.3440,5.3680,5.4320
2023-08-04,5.3000,5.3140,5.3380,5.3603,5.4140
2023-08-07,5.3000,5.3115,5.3366,5.3627,5.4203
2023-08-08,5.3000,5.3115,5.3370,5.3630,5.4185
2023-08-09,5.3000,5.3117,5.3380,5.3680,5.4230
2023-08-10,5.3000,5.3075,5.3373,5.3625,5.4120
2023-08-11,5.3000,5.3090,5.3395,5.3682,5.4281
2023-08-14,5.3000,5.3110,5.3410,5.3720,5.4390
2023-08-15,5.3000,5.3111,5.3400,5.3701,5.4299
2023-08-16,5.3000,5.3108,5.3409,5.3763,5.4378
2023-08-17,5.3000,5.3105,5.3446,5.3747,5.4305
2023-08-18,5.3000,5.3121,5.3415,5.3730,5.4269
2023-08-21,5.3000,5.3170,5.3445,5.3846,5.4505
2023-08-22,5.3000,5.3161,5.3478,5.3879,5.4575
2023-08-23,5.3000,5.3165,5.3460,5.3857,5.4430
2023-08-24,5.3000,5.3260,5.3615,5.4025,5.4696
2023-08-25,5.3000,5.3300,5.3634,5.4150,5.4936
2023-08-28,5.3000,5.3298,5.3660,5.4225,5.5005
2023-08-29,5.3000,5.3238,5.3520,5.3990,5.4590
2023-08-30,5.3000,5.3260,5.3486,5.3960,5.4535
2023-08-31,5.3100,5.3295,5.3570,5.3991,5.4496
2023-09-01,5.3100,5.3250,5.3480,5.3870,5.4341
2023-09-05,5.3100,5.3285,5.3520,5.3971,5.4545
2023-09-06,5.3000,5.3275,5.3543,5.4015,5.4650
2023-09-07,5.3100,5.3270,5.3620,5.4008,5.4591
2023-09-08,5.3000,5.3304,5.3650,5.4068,5.4654
2023-09-11,5.3000,5.3323,5.3668,5.4086,5.4701
2023-09-12,5.3000,5.3346,5.3670,5.4070,5.4690
2023-09-13,5.3000,5.3270,5.3620,5.3990,5.4641
2023-09-14,5.3000,5.3260,5.3655,5.3979,5.4630
2023-09-15,5.3100,5.3231,5.3600,5.3910,5.4571
2023-09-18,5.3100,5.3235,5.3597,5.3934,5.4650
2023-09-19,5.3100,5.3246,5.3599,5.3930,5.4664
2023-09-20,5.3000,5.3192,5.3576,5.3929,5.4765
2023-09-21,5.3000,5.3170,5.3612,5.3955,5.4728
2023-09-22,5.3000,5.3170,5.3530,5.3845,5.4620
2023-09-25,5.3100,5.3175,5.3510,5.3825,5.4598
2023-09-26,5.3100,5.3196,5.3523,5.3826,5.4550
2023-09-27,5.3200,5.3180,5.3575,5.3920,5.4711
2023-09-28,5.3100,5.3200,5.3603,5.3920,5.4584
2023-09-29,5.3100,5.3205,5.3558,5.3883,5.4535
2023-10-02,5.3200,5.3285,5.3700,5.4091,5.4805
2023-10-03,5.3300,5.3310,5.3755,5.4148,5.4860
2023-10-04,5.3200,5.3286,5.3684,5.4059,5.4570
2023-10-05,5.3200,5.3350,5.3703,5.4030,5.4488
2023-10-06,5.3100,5.3470,5.3820,5.4197,5.4740
2023-10-10,5.3100,5.3345,5.3603,5.3934,5.4348
2023-10-11,5.3100,5.3284,5.3490,5.3870,5.4304
2023-10-12,5.3100,5.3340,5.3619,5.3980,5.4546
2023-10-13,5.3100,5.3293,5.3535,5.3896,5.4413
2023-10-16,5.3100,5.3354,5.3570,5.3960,5.4544
2023-10-17,5.3100,5.3385,5.3655,5.4117,5.4890
2023-10-18,5.3000,5.3285,5.3540,5.3990,5.4746
2023-10-19,5.3000,5.3256,5.3525,5.3814,5.4475
2023-10-20,5.3000,5.3211,5.3467,5.3734,5.4303
2023-10-23,5.3000,5.3244,5.3490,5.3780,5.4410
2023-10-24,5.3000,5.3250,5.3514,5.3833,5.4475
2023-10-25,5.3000,5.3250,5.3530,5.3859,5.4491
2023-10-26,5.3100,5.3220,5.3490,5.3766,5.4320
2023-10-27,5.3100,5.3170,5.3430,5.3720,5.4255
2023-10-30,5.3100,5.3186,5.3535,5.3812,5.4422
2023-10-31,5.3500,5.3215,5.3581,5.3888,5.4559
2023-11-01,5.3200,5.3219,5.3521,5.3795,5.4254
2023-11-02,5.3300,5.3204,5.3580,5.3820,5.4298
2023-11-03,5.3200,5.3200,5.3450,5.3622,5.3852
2023-11-06,5.3200,5.3186,5.3450,5.3645,5.3959
2023-11-07,5.3200,5.3197,5.3454,5.3649,5.3908
2023-11-08,5.3200,5.3197,5.3481,5.3700,5.4019
2023-11-09,5.3200,5.3210,5.3578,5.3785,5.4155
2023-11-10,5.3200,5.3205,5.3578,5.3809,5.4269
2023-11-13,5.3200,5.3230,5.3620,5.3880,5.4338
2023-11-14,5.3200,5.3248,5.3452,5.3590,5.3631
2023-11-15,5.3200,5.3280,5.3508,5.3683,5.3807
2023-11-16,5.3200,5.3291,5.3525,5.3658,5.3655
2023-11-17,5.3200,5.3303,5.3546,5.3700,5.3725
2023-11-20,5.3100,5.3337,5.3593,5.3756,5.3810
2023-11-21,5.3100,5.3390,5.3612,5.3788,5.3791
2023-11-22,5.3100,5.3412,5.3668,5.3855,5.3898
2023-11-24,5.3200,5.3460,5.3686,5.3901,5.4004
2023-11-27,5.3200,5.3412,5.3628,5.3842,5.3910
2023-11-28,5.3200,5.3390,5.3580,5.3729,5.3573
2023-11-29,5.3100,5.3436,5.3592,5.3712,5.3346
2023-11-30,5.3300,5.3461,5.3615,5.3700,5.3315
2023-12-01,5.3900,5.3438,5.3562,5.3580,5.2890
2023-12-04,5.3700,5.3610,5.3732,5.3768,5.3169
2023-12-05,5.3300,5.3640,5.3741,5.3766,5.3054
2023-12-06,5.3200,5.3520,5.3634,5.3680,5.3005
2023-12-07,5.3200,5.3562,5.3657,5.3707,5.3001
2023-12-08,5.3200,5.3589,5.3714,5.3824,5.3378
2023-12-11,5.3200,5.3620,5.3737,5.3849,5.3390
2023-12-12,5.3100,5.3605,5.3704,5.3830,5.3420
2023-12-13,5.3100,5.3571,5.3627,5.3680,5.2435
2023-12-14,5.3100,5.3552,5.3600,5.3674,5.2460
2023-12-15,5.3200,5.3570,5.3640,5.3716,5.2599
2023-12-18,5.3200,5.3573,5.3634,5.3728,5.2580
2023-12-19,5.3100,5.3575,5.3635,5.3723,5.2425
2023-12-20,5.3100,5.3548,5.3570,5.3602,5.1950
2023-12-21,5.3100,5.3568,5.3568,5.3513,5.1910
2023-12-22,5.3200,5.3580,5.3555,5.3472,5.1703
2023-12-26,5.3500,5.3580,5.3560,5.3476,5.1911
2023-12-27,5.3900,5.3580,5.3515,5.3370,5.1620
2023-12-28,5.4000,5.3523,5.3491,5.3295,5.1590
2023-12-29,5.3800,5.3480,5.3455,5.3265,5.1470
2024-01-02,5.4000,5.3448,5.3465,5.3301,5.1703
2024-01-03,5.3900,5.3436,5.3486,5.3331,5.1900
2024-01-04,5.3200,5.3390,5.3470,5.3298,5.1964
2024-01-05,5.3100,5.3370,5.3468,5.3230,5.1787
2024-01-08,5.3100,5.3374,5.3481,5.3286,5.1863
2024-01-09,5.3100,5.3340,5.3450,5.3245,5.1821
2024-01-10,5.3100,5.3330,5.3454,5.3217,5.1722
2024-01-11,5.3100,5.3324,5.3437,5.3059,5.1235
2024-01-12,5.3100,5.3321,5.3418,5.3006,5.0855
2024-01-16,5.3200,5.3343,5.3456,5.3120,5.1322
2024-01-17,5.3200,5.3357,5.3476,5.3195,5.1708
2024-01-18,5.3100,5.3322,5.3430,5.3130,5.1564
2024-01-19,5.3100,5.3317,5.3381,5.3172,5.1789
2024-01-22,5.3100,5.3327,5.3387,5.3234,5.1890
2024-01-23,5.3100,5.3340,5.3378,5.3164,5.1722
2024-01-24,5.3100,5.3345,5.3384,5.3255,5.1880
2024-01-25,5.3200,5.3334,5.3304,5.3113,5.1471
2024-01-26,5.3200,5.3286,5.3265,5.3084,5.1537
2024-01-29,5.3100,5.3266,5.3243,5.3078,5.1490
2024-01-30,5.3100,5.3260,5.3233,5.3098,5.1556
2024-01-31,5.3200,5.3240,5.3213,5.3120,5.1257
2024-02-01,5.3200,5.3203,5.3126,5.2936,5.1051
2024-02-02,5.3200,5.3212,5.3229,5.3171,5.1860
2024-02-05,5.3100,5.3233,5.3280,5.3258,5.2183
2024-02-06,5.3100,5.3190,5.3222,5.3153,5.1926
2024-02-07,5.3100,5.3200,5.3220,5.3144,5.1918
2024-02-08,5.3100,5.3215,5.3220,5.3095,5.1910
2024-02-09,5.3100,5.3206,5.3217,5.3105,5.1974
2024-02-12,5.3100,5.3196,5.3230,5.3116,5.2020
2024-02-13,5.3100,5.3210,5.3290,5.3286,5.2711
2024-02-14,5.3000,5.3215,5.3266,5.3225,5.2484
2024-02-15,5.3100,5.3177,5.3246,5.3164,5.2395
2024-02-16,5.3000,5.3178,5.3268,5.3225,5.2575
2024-02-20,5.3000,5.3186,5.3301,5.3248,5.2551
2024-02-21,5.3000,5.3178,5.3295,5.3275,5.2687
2024-02-22,5.3000,5.3192,5.3332,5.3313,5.2777
2024-02-23,5.3100,5.3207,5.3378,5.3380,5.2852
2024-02-26,5.3100,5.3237,5.3419,5.3438,5.2989
2024-02-27,5.3100,5.3251,5.3418,5.3411,5.2934
2024-02-28,5.3100,5.3241,5.3375,5.3357,5.2736
2024-02-29,5.3200,5.3237,5.3338,5.3307,5.2623
2024-03-01,5.3100,5.3201,5.3269,5.3208,5.2345
2024-03-04,5.3100,5.3235,5.3300,5.3290,5.2620
2024-03-05,5.3100,5.3218,5.3286,5.3254,5.2457
2024-03-06,5.3100,5.3180,5.3245,5.3247,5.2448
2024-03-07,5.3100,5.3175,5.3194,5.3152,5.2196
2024-03-08,5.3100,5.3234,5.3258,5.3227,5.2251
2024-03-11,5.3100,5.3273,5.3292,5.3275,5.2394
2024-03-12,5.3100,5.3274,5.3328,5.3352,5.2532
2024-03-13,5.3100,5.3270,5.3335,5.3330,5.2642
2024-03-14,5.3100,5.3271,5.3339,5.3337,5.2703
2024-03-15,5.3100,5.3285,5.3351,5.3338,5.2806
2024-03-18,5.3100,5.3292,5.3349,5.3341,5.2811
2024-03-19,5.3100,5.3302,5.3355,5.3312,5.2684
2024-03-20,5.3100,5.3295,5.3301,5.3156,5.2300
2024-03-21,5.3100,5.3298,5.3304,5.3161,5.2364
2024-03-22,5.3100,5.3311,5.3264,5.3068,5.2178
2024-03-25,5.3100,5.3319,5.3303,5.3123,5.2330
2024-03-26,5.3200,5.3283,5.3258,5.3058,5.2254
2024-03-27,5.3300,5.3280,5.3242,5.2999,5.2195
2024-03-28,5.3400,5.3230,5.3240,5.3037,5.2385
2024-04-01,5.3500,5.3265,5.3295,5.3110,5.2552
2024-04-02,5.3400,5.3240,5.3290,5.3051,5.2421
2024-04-03,5.3200,5.3233,5.3290,5.3055,5.2337
2024-04-04,5.3200,5.3160,5.3165,5.2831,5.2048
2024-04-05,5.3200,5.3199,5.3278,5.3053,5.2454
2024-04-08,5.3100,5.3211,5.3306,5.3089,5.2547
2024-04-09,5.3100,5.3200,5.3285,5.2998,5.2350
2024-04-10,5.3100,5.3210,5.3317,5.3325,5.3167
2024-04-11,5.3100,5.3195,5.3284,5.3260,5.3024
2024-04-12,5.3100,5.3174,5.3241,5.3179,5.2818
2024-04-15,5.3200,5.3164,5.3234,5.3213,5.2926
2024-04-16,5.3100,5.3196,5.3270,5.3293,5.3090
2024-04-17,5.3100,5.3177,5.3245,5.3256,5.2964
2024-04-18,5.3000,5.3176,5.3237,5.3260,5.3030
2024-04-19,5.3100,5.3150,5.3205,5.3219,5.2980
2024-04-22,5.3100,5.3159,5.3214,5.3244,5.2999
2024-04-23,5.3100,5.3180,5.3211,5.3227,5.2884
2024-04-24,5.3100,5.3180,5.3210,5.3230,5.2890
2024-04-25,5.3100,5.3150,5.3224,5.3301,5.3147
2024-04-26,5.3200,5.3131,5.3197,5.3293,5.3160
2024-04-29,5.3200,5.3175,5.3223,5.3291,5.3138
2024-04-30,5.3400,5.3225,5.3294,5.3373,5.3362
2024-05-01,5.3200,5.3242,5.3304,5.3367,5.3250
2024-05-02,5.3100,5.3219,5.3242,5.3275,5.3024
2024-05-03,5.3100,5.3209,5.3220,5.3230,5.2871
2024-05-06,5.3100,5.3210,5.3225,5.3255,5.2967
2024-05-07,5.3100,5.3220,5.3241,5.3270,5.2957
2024-05-08,5.3100,5.3210,5.3241,5.3257,5.2933
2024-05-09,5.3100,5.3209,5.3239,5.3235,5.2861
2024-05-10,5.3100,5.3198,5.3249,5.3263,5.2970
2024-05-13,5.3100,5.3201,5.3280,5.3301,5.3006
2024-05-14,5.3100,5.3200,5.3270,5.3269,5.2897
2024-05-15,5.3100,5.3197,5.3273,5.3250,5.2754
2024-05-16,5.3100,5.3190,5.3279,5.3254,5.2871
2024-05-17,5.3100,5.3190,5.3288,5.3270,5.2919
2024-05-20,5.3100,5.3211,5.3313,5.3309,5.2991
2024-05-21,5.3100,5.3212,5.3326,5.3322,5.2945
2024-05-22,5.3100,5.3226,5.3353,5.3372,5.3049
2024-05-23,5.3100,5.3258,5.3404,5.3451,5.3215
2024-05-24,5.3200,5.3250,5.3395,5.3430,5.3230
2024-05-28,5.3200,5.3271,5.3426,5.3470,5.3297
2024-05-29,5.3300,5.3273,5.3425,5.3447,5.3255
2024-05-30,5.3300,5.3281,5.3400,5.3416,5.3134
2024-05-31,5.3400,5.3279,5.3382,5.3400,5.3082
2024-06-03,5.3500,5.3272,5.3374,5.3385,5.2920
2024-06-04,5.3300,5.3299,5.3384,5.3376,5.2844
2024-06-05,5.3300,5.3284,5.3361,5.3354,5.2706
2024-06-06,5.3300,5.3270,5.3307,5.3295,5.2653
2024-06-07,5.3300,5.3305,5.3397,5.3465,5.3148
2024-06-10,5.3200,5.3300,5.3385,5.3462,5.3129
2024-06-11,5.3200,5.3315,5.3385,5.3451,5.3064
2024-06-12,5.3100,5.3325,5.3404,5.3477,5.2931
2024-06-13,5.3100,5.3326,5.3378,5.3442,5.2740
2024-06-14,5.3100,5.3376,5.3423,5.3495,5.2795
2024-06-17,5.3300,5.3440,5.3488,5.3562,5.2955
2024-06-18,5.3300,5.3440,5.3462,5.3466,5.2775
2024-06-20,5.3200,5.3450,5.3471,5.3455,5.2781
2024-06-21,5.3100,5.3448,5.3454,5.3420,5.2692
2024-06-24,5.3100,5.3440,5.3440,5.3391,5.2663
2024-06-25,5.3300,5.3448,5.3431,5.3369,5.2653
2024-06-26,5.3400,5.3435,5.3420,5.3321,5.2687
2024-06-27,5.3400,5.3378,5.3364,5.3241,5.2526
2024-06-28,5.3300,5.3344,5.3330,5.3219,5.2572
2024-07-01,5.4000,5.3347,5.3365,5.3226,5.2512
2024-07-02,5.3500,5.3333,5.3363,5.3164,5.2424
2024-07-03,5.3300,5.3260,5.3310,5.3075,5.2238
2024-07-05,5.3200,5.3248,5.3319,5.3027,5.2071
2024-07-08,5.3200,5.3257,5.3347,5.3052,5.2127
2024-07-09,5.3400,5.3282,5.3386,5.3085,5.2132
2024-07-10,5.3400,5.3284,5.3385,5.3045,5.2112
2024-07-11,5.3400,5.3265,5.3350,5.2834,5.1536
2024-07-12,5.3400,5.3319,5.3426,5.2874,5.1477
2024-07-15,5.3400,5.3402,5.3486,5.2829,5.1288
2024-07-16,5.3500,5.3416,5.3513,5.2826,5.1244
2024-07-17,5.3500,5.3470,5.3590,5.2891,5.1394
2024-07-18,5.3400,5.3455,5.3434,5.2852,5.1412
2024-07-19,5.3400,5.3458,5.3435,5.2838,5.1417
2024-07-22,5.3300,5.3475,5.3404,5.2860,5.1484
2024-07-23,5.3400,5.3469,5.3372,5.2822,5.1353
2024-07-24,5.3400,5.3451,5.3286,5.2658,5.1168
2024-07-25,5.3500,5.3437,5.3137,5.2600,5.1031
2024-07-26,5.3500,5.3417,5.3091,5.2510,5.0869
2024-07-29,5.3300,5.3412,5.3092,5.2520,5.0924
2024-07-30,5.3300,5.3421,5.3028,5.2442,5.0701
2024-07-31,5.3800,5.3501,5.3054,5.2441,5.0556
2024-08-01,5.3500,5.3415,5.2660,5.2064,4.9585
2024-08-02,5.3500,5.3251,5.2162,5.1325,4.7650
2024-08-05,5.3200,5.3059,5.1849,5.0918,4.7476
2024-08-06,5.3300,5.3229,5.2075,5.1250,4.7933
2024-08-07,5.3300,5.3266,5.2039,5.1017,4.7755
2024-08-08,5.3400,5.3385,5.2005,5.1285,4.8120
2024-08-09,5.3400,5.3408,5.2077,5.1346,4.8309
2024-08-12,5.3400,5.3372,5.2033,5.1277,4.8277
2024-08-13,5.3400,5.3397,5.1971,5.1110,4.7677
2024-08-14,5.3300,5.3433,5.2127,5.1243,4.8055
2024-08-15,5.3500,5.3435,5.2081,5.1373,4.8565
2024-08-16,5.3200,5.3326,5.2016,5.1257,4.8350
2024-08-19,5.3200,5.3098,5.2058,5.1295,4.8467
2024-08-20,5.3200,5.3075,5.1895,5.1036,4.7927
2024-08-21,5.3100,5.3094,5.1813,5.0766,4.7577
2024-08-22,5.3100,5.2843,5.1808,5.0924,4.7901
2024-08-23,5.3300,5.2697,5.1623,5.0625,4.7385
2024-08-26,5.3400,5.2534,5.1696,5.0683,4.7547
2024-08-27,5.3500,5.2474,5.1586,5.0556,4.7309
2024-08-28,5.3500,5.2386,5.1450,5.0449,4.7270
2024-08-29,5.3300,5.2073,5.1316,5.0274,4.7179
2024-08-30,5.3200,5.1912,5.1217,5.0141,4.7100
2024-09-03,5.3400,5.1667,5.1070,4.9949,4.6836
2024-09-04,5.3500,5.1484,5.0870,4.9616,4.6149
2024-09-05,5.3500,5.1242,5.0530,4.9483,4.6028
2024-09-06,5.3400,5.1335,5.0718,4.9582,4.5764
2024-09-09,5.3400,5.1245,5.0684,4.9517,4.5857
2024-09-10,5.3300,5.1033,5.0570,4.9382,4.5538
2024-09-11,5.3200,5.1292,5.0856,4.9805,4.6159
2024-09-12,5.3300,5.0587,4.9947,4.9060,4.5393
2024-09-13,5.3300,5.0295,4.9697,4.8803,4.4988
2024-09-16,5.3800,4.9652,4.9080,4.8153,4.4346
2024-09-17,5.3800,4.9626,4.9075,4.8226,4.4578
2024-09-18,5.3300,4.8616,4.8070,4.7255,4.3910
2024-09-19,4.8200,4.8574,4.7747,4.6913,4.3424
2024-09-20,4.8300,4.8556,4.7643,4.6690,4.3259
2024-09-23,4.8300,4.8576,4.7629,4.6558,4.3117
2024-09-24,4.8400,4.8571,4.7492,4.6382,4.2710
2024-09-25,4.8400,4.8491,4.7356,4.6255,4.2769
2024-09-26,4.8300,4.8470,4.7288,4.6155,4.2876
2024-09-27,4.8400,4.8461,4.7132,4.5935,4.2519
2024-09-30,4.9600,4.8563,4.7357,4.6284,4.3130
2024-10-01,5.0500,4.8576,4.7273,4.6156,4.2925
2024-10-02,4.9200,4.8530,4.7234,4.6050,4.2983
2024-10-03,4.8500,4.8443,4.6994,4.5936,4.3026
2024-10-04,4.8300,4.8463,4.7376,4.6488,4.4145
2024-10-07,4.8300,4.8263,4.7583,4.6788,4.4640
2024-10-08,4.8400,4.8270,4.7538,4.6703,4.4502
2024-10-09,4.8300,4.8252,4.7559,4.6755,4.4827
2024-10-10,4.8200,4.8033,4.7363,4.6555,4.4468
2024-10-11,4.8100,4.7849,4.7268,4.6473,4.4424
2024-10-15,4.8600,4.7793,4.7116,4.6325,4.4345
2024-10-16,4.8600,4.7824,4.7164,4.6300,4.4330
2024-10-17,4.8500,4.7672,4.7016,4.6401,4.4550
2024-10-18,4.8400,4.7537,4.6895,4.6246,4.4338
2024-10-21,4.8200,4.7516,4.7039,4.6460,4.4746
2024-10-22,4.8300,4.7404,4.6869,4.6296,4.4558
2024-10-23,4.8300,4.7414,4.6819,4.6288,4.4642
2024-10-24,4.8300,4.7106,4.6554,4.6079,4.4357
2024-10-25,4.8300,4.6992,4.6445,4.5939,4.4258
2024-10-28,4.8200,4.6926,4.6399,4.5933,4.4317
2024-10-29,4.8200,4.6830,4.6279,4.5759,4.4065
2024-10-30,4.8100,4.6711,4.6226,4.5718,4.4275
2024-10-31,4.9000,4.6517,4.6026,4.5554,4.4099
2024-11-01,4.8600,4.6374,4.5860,4.5360,4.4028
2024-11-04,4.8200,4.6285,4.5795,4.5273,4.3881
2024-11-05,4.8200,4.6173,4.5723,4.5248,4.3872
2024-11-06,4.8100,4.6044,4.5672,4.5245,4.4205
2024-11-07,4.8200,4.6027,4.5523,4.5092,4.3939
2024-11-08,4.6000,4.6020,4.5603,4.5225,4.4260
2024-11-12,4.6000,4.6072,4.5637,4.5293,4.4478
2024-11-13,4.5900,4.6075,4.5376,4.4865,4.3907
2024-11-14,4.5800,4.6028,4.5516,4.5210,4.4354
2024-11-15,4.5700,4.6008,4.5562,4.5215,4.4303
2024-11-18,4.5700,4.6020,4.5560,4.5210,4.4300
2024-11-19,4.5700,4.5882,4.5529,4.5200,4.4353
2024-11-20,4.5600,4.5880,4.5576,4.5255,4.4461
2024-11-21,4.5700,4.5776,4.5480,4.5195,4.4430
2024-11-22,4.5700,4.5828,4.5529,4.5249,4.4516
2024-11-25,4.5800,4.5730,4.5449,4.5146,4.4324
2024-11-26,4.5800,4.5516,4.5132,4.4832,4.4098
2024-11-27,4.5700,4.5399,4.4958,4.4695,4.3915
2024-11-29,4.5900,4.5386,4.4977,4.4670,4.3782
2024-12-02,4.6400,4.5178,4.4773,4.4512,4.3686
2024-12-03,4.6400,4.5158,4.4749,4.4469,4.3517
2024-12-04,4.5900,4.5021,4.4577,4.4329,4.3303
2024-12-05,4.5900,4.4905,4.4503,4.4273,4.3273
2024-12-06,4.6000,4.4686,4.4213,4.3945,4.2868
2024-12-09,4.6300,4.4584,4.4205,4.3980,4.2910
2024-12-10,4.6400,4.4566,4.4171,4.3961,4.2924
2024-12-11,4.6200,4.4210,4.3827,4.3678,4.2770
2024-12-12,4.6200,4.4011,4.3679,4.3563,4.2700
2024-12-13,4.6000,4.3931,4.3690,4.3624,4.2862
2024-12-16,4.6500,4.3825,4.3650,4.3588,4.2861
2024-12-17,4.6200,4.3810,4.3659,4.3579,4.2843
2024-12-18,4.5700,4.3578,4.3498,4.3470,4.3094
2024-12-19,4.3000,4.3445,4.3371,4.3345,4.2877
2024-12-20,4.3000,4.3445,4.3358,4.3303,4.2761
2024-12-23,4.3100,4.3425,4.3361,4.3279,4.2843
2024-12-24,4.4000,4.3510,4.3411,4.3309,4.2840
2024-12-26,4.5300,4.3573,4.3414,4.3218,4.2752
2024-12-27,4.4600,4.3495,4.3299,4.3148,4.2665
2024-12-30,4.3700,4.3334,4.3221,4.3055,4.2486
2024-12-31,4.4900,4.3232,4.3180,4.3020,4.2495
2025-01-02,4.4000,4.3130,4.3110,4.2933,4.2443
2025-01-03,4.3100,4.3076,4.3067,4.2909,4.2518
2025-01-06,4.2700,4.3008,4.3029,4.2891,4.2532
2025-01-07,4.2700,4.3030,4.3051,4.2935,4.2620
2025-01-08,4.2900,4.3030,4.3068,4.2930,4.2600
2025-01-09,4.3000,4.3045,4.3070,4.2898,4.2497
2025-01-10,4.3000,4.3075,4.3133,4.3047,4.2863
2025-01-13,4.2900,4.3071,4.3123,4.3079,4.2947
2025-01-14,4.2800,4.3025,4.3081,4.3036,4.2895
2025-01-15,4.2800,4.3005,4.3068,4.2955,4.2640
2025-01-16,4.2900,4.3025,4.3087,4.2931,4.2535
2025-01-17,4.2900,4.3031,4.3060,4.2925,4.2595
2025-01-21,4.2900,4.3064,4.3100,4.2995,4.2655
2025-01-22,4.3000,4.3118,4.3136,4.3035,4.2700
2025-01-23,4.3500,4.3167,4.3141,4.3007,4.2607
2025-01-24,4.3400,4.3153,4.3104,4.2964,4.2488
2025-01-27,4.3400,4.3147,4.3064,4.2930,4.2363
2025-01-28,4.3500,4.3125,4.3050,4.2908,4.2350
2025-01-29,4.3500,4.3130,4.3094,4.3039,4.2530
2025-01-30,4.3600,4.3150,4.3110,4.3040,4.2534
2025-01-31,4.3800,4.3135,4.3082,4.3028,4.2525
2025-02-03,4.3500,4.3087,4.3067,4.3056,4.2658
2025-02-04,4.3300,4.3135,4.3083,4.3042,4.2591
2025-02-05,4.3300,4.3145,4.3079,4.3056,4.2550
2025-02-06,4.3600,4.3170,4.3097,4.3045,4.2571
2025-02-07,4.3500,4.3198,4.3172,4.3154,4.2875
2025-02-10,4.3500,4.3177,4.3185,4.3190,4.2861
2025-02-11,4.3400,4.3178,4.3209,4.3219,4.2939
2025-02-12,4.3200,4.3142,4.3237,4.3268,4.3210
2025-02-13,4.3300,4.3136,4.3210,4.3235,4.3090
2025-02-14,4.3300,4.3150,4.3231,4.3261,4.2977
2025-02-18,4.3700,4.3202,4.3274,4.3310,4.3108
2025-02-19,4.3500,4.3252,4.3271,4.3284,4.3050
2025-02-20,4.3300,4.3202,4.3249,4.3220,4.2918
2025-02-21,4.3400,4.3195,4.3226,4.3135,4.2670
2025-02-24,4.3400,4.3240,4.3275,4.3162,4.2654
2025-02-25,4.3300,4.3239,4.3250,4.3160,4.2554
2025-02-26,4.3300,4.3238,4.3288,4.3181,4.2560
2025-02-27,4.3600,4.3246,4.3283,4.3150,4.2455
2025-02-28,4.3900,4.3198,4.3221,4.3060,4.2189
2025-03-03,4.3300,4.3133,4.3152,4.2939,4.1986
2025-03-04,4.3300,4.3220,4.3263,4.3040,4.2116
2025-03-05,4.3400,4.3249,4.3284,4.3038,4.2148
2025-03-06,4.3500,4.3219,4.3174,4.2891,4.1736
2025-03-07,4.3400,4.3281,4.3261,4.3062,4.2073
2025-03-10,4.3300,4.3240,4.3204,4.2854,4.1543
2025-03-11,4.3200,4.3230,4.3200,4.2947,4.1808
2025-03-12,4.3100,4.3189,4.3173,4.3004,4.2063
2025-03-13,4.3000,4.3170,4.3088,4.2922,4.1930
2025-03-14,4.3000,4.3201,4.3143,4.3014,4.2054
2025-03-17,4.3200,4.3243,4.3208,4.3104,4.2331
2025-03-18,4.3100,4.3250,4.3197,4.3101,4.2351
2025-03-19,4.2900,4.3218,4.3162,4.3015,4.2202
2025-03-20,4.2900,4.3205,4.3121,4.2997,4.2088
2025-03-21,4.3000,4.3221,4.3125,4.2971,4.1975
2025-03-24,4.3100,4.3248,4.3193,4.3078,4.2295
2025-03-25,4.3300,4.3315,4.3227,4.3078,4.2235
2025-03-26,4.3500,4.3310,4.3201,4.3018,4.2230
2025-03-27,4.3600,4.3248,4.3164,4.3005,4.2209
2025-03-28,4.3400,4.3191,4.3060,4.2849,4.1795
2025-03-31,4.4100,4.3200,4.3078,4.2870,4.1789
2025-04-01,4.3900,4.3182,4.3051,4.2832,4.1740
2025-04-02,4.3700,4.3240,4.3130,4.2899,4.1883
2025-04-03,4.3900,4.3130,4.2887,4.2530,4.1053
2025-04-04,4.3500,4.2980,4.2561,4.2070,4.0291
2025-04-07,4.3300,4.3147,4.2800,4.2295,4.0609
2025-04-08,4.4000,4.3113,4.2598,4.1877,3.9868
2025-04-09,4.4200,4.3500,4.3300,4.2990,4.1680
2025-04-10,4.3700,4.3190,4.3020,4.2563,4.1030
2025-04-11,4.3300,4.3285,4.3121,4.2724,4.1425
2025-04-14,4.3300,4.3320,4.3215,4.2782,4.1359
2025-04-15,4.3600,4.3260,4.3200,4.2792,4.1414
2025-04-16,4.3100,4.3191,4.3088,4.2708,4.1170
2025-04-17,4.3200,4.3256,4.3205,4.2849,4.1370
2025-04-21,4.3200,4.3279,4.3210,4.2814,4.1168
2025-04-22,4.3000,4.3272,4.3212,4.2850,4.1389
2025-04-23,4.2800,4.3209,4.3165,4.2924,4.1663
2025-04-24,4.2900,4.3199,4.3081,4.2836,4.1418
2025-04-25,4.3300,4.3206,4.3049,4.2767,4.1228
2025-04-28,4.3600,4.3230,4.3071,4.2788,4.1187
2025-04-29,4.3600,4.3198,4.3023,4.2719,4.0978
2025-04-30,4.4100,4.3264,4.3069,4.2659,4.0845
2025-05-01,4.3900,4.3252,4.3000,4.2677,4.1047
2025-05-02,4.3600,4.3348,4.3244,4.3020,4.1718
2025-05-05,4.3300,4.3303,4.3243,4.3081,4.1913
2025-05-06,4.3200,4.3297,4.3208,4.3008,4.1683
2025-05-07,4.3000,4.3262,4.3250,4.3062,4.1881
2025-05-08,4.2900,4.3255,4.3256,4.3110,4.2135
2025-05-09,4.2800,4.3250,4.3251,4.3099,4.2139
2025-05-12,4.2800,4.3273,4.3317,4.3253,4.2589
2025-05-13,4.3000,4.3292,4.3318,4.3254,4.2610
2025-05-14,4.2900,4.3245,4.3317,4.3251,4.2718
2025-05-15,4.3100,4.3241,4.3290,4.3208,4.2564
2025-05-16,4.3000,4.3211,4.3272,4.3227,4.2719
2025-05-19,4.2900,4.3221,4.3290,4.3254,4.2694
2025-05-20,4.2700,4.3192,4.3297,4.3271,4.2715
2025-05-21,4.2600,4.3210,4.3312,4.3275,4.2740
2025-05-22,4.2600,4.3230,4.3327,4.3276,4.2750
2025-05-23,4.2600,4.3236,4.3333,4.3270,4.2845
2025-05-27,4.3100,4.3232,4.3321,4.3285,4.2821
2025-05-28,4.3300,4.3230,4.3305,4.3296,4.2853
2025-05-29,4.3300,4.3179,4.3230,4.3209,4.2592
2025-05-30,4.3500,4.3180,4.3209,4.3177,4.2450
2025-06-02,4.3500,4.3162,4.3199,4.3172,4.2512
2025-06-03,4.3200,4.3130,4.3174,4.3157,4.2501
2025-06-04,4.2800,4.3106,4.3148,4.3093,4.2224
2025-06-05,4.2900,4.3130,4.3127,4.3076,4.2285
2025-06-06,4.2900,4.3143,4.3205,4.3238,4.2688
2025-06-09,4.2900,4.3140,4.3190,4.3240,4.2695
2025-06-10,4.2800,4.3129,4.3177,4.3230,4.2720
2025-06-11,4.2800,4.3110,4.3131,4.3143,4.2394
2025-06-12,4.2800,4.3140,4.3105,4.3097,4.2215
2025-06-13,4.2800,4.3164,4.3125,4.3123,4.2266
2025-06-16,4.3200,4.3200,4.3239,4.3312,4.2525
2025-06-17,4.3100,4.3213,4.3220,4.3251,4.2496
2025-06-18,4.2800,4.3218,4.3263,4.3261,4.2414
2025-06-20,4.2900,4.3220,4.3188,4.3166,4.2234
2025-06-23,4.2900,4.3236,4.3160,4.3074,4.1997
2025-06-24,4.3000,4.3238,4.3182,4.3084,4.1854
2025-06-25,4.3600,4.3288,4.3157,4.2961,4.1619
2025-06-26,4.4000,4.3258,4.3160,4.2932,4.1460
2025-06-27,4.3900,4.3232,4.3195,4.2969,4.1502
2025-06-30,4.4500,4.3316,4.3287,4.3019,4.1467
2025-07-01,4.4400,4.3319,4.3283,4.2993,4.1456
2025-07-02,4.4000,4.3239,4.3203,4.2821,4.1306
2025-07-03,4.3500,4.3351,4.3500,4.3315,4.2150
2025-07-07,4.3300,4.3375,4.3523,4.3307,4.2162
2025-07-08,4.3400,4.3440,4.3589,4.3354,4.2177
2025-07-09,4.3200,4.3413,4.3558,4.3220,4.1971
2025-07-10,4.3100,4.3382,4.3522,4.3195,4.1951
2025-07-11,4.3100,4.3358,4.3501,4.3192,4.2005
2025-07-14,4.3300,4.3420,4.3570,4.3267,4.2111
2025-07-15,4.3700,4.3485,4.3640,4.3373,4.2290
2025-07-16,4.3400,4.3451,4.3620,4.3309,4.2177
2025-07-17,4.3400,4.3504,4.3571,4.3343,4.2293
2025-07-18,4.3000,4.3429,4.3472,4.3191,4.2063
2025-07-21,4.2800,4.3463,4.3501,4.3232,4.2111
2025-07-22,4.2800,4.3490,4.3506,4.3203,4.2027
2025-07-23,4.2800,4.3495,4.3473,4.3160,4.2037
2025-07-24,4.3000,4.3553,4.3467,4.3173,4.2085
2025-07-25,4.3600,4.3594,4.3456,4.3160,4.2023
2025-07-28,4.3600,4.3518,4.3390,4.3094,4.1959
2025-07-29,4.3600,4.3468,4.3330,4.3001,4.1811
2025-07-30,4.3200,4.3522,4.3450,4.3236,4.2360
2025-07-31,4.3900,4.3484,4.3385,4.3232,4.2450
2025-08-01,4.3400,4.3441,4.2978,4.2472,4.0693
2025-08-04,4.3300,4.3480,4.2930,4.2348,4.0550
2025-08-05,4.3400,4.3531,4.3018,4.2472,4.0777
2025-08-06,4.3400,4.3556,4.2961,4.2324,4.0645
2025-08-07,4.3500,4.3590,4.2838,4.2259,4.0573
2025-08-08,4.3500,4.3593,4.2874,4.2352,4.0740
2025-08-11,4.3400,4.3632,4.2921,4.2381,4.0770
2025-08-12,4.3600,4.3632,4.2785,4.2166,4.0413
2025-08-13,4.3300,4.3592,4.2597,4.1867,4.0096
2025-08-14,4.3400,4.3593,4.2593,4.2020,4.0455
2025-08-15,4.3600,4.3555,4.2702,4.2140,4.0628
2025-08-18,4.3400,4.3408,4.2715,4.2175,4.0704
2025-08-19,4.3300,4.3387,4.2650,4.2080,4.0531
2025-08-20,4.3100,4.3408,4.2698,4.2112,4.0643
2025-08-21,4.3200,4.3362,4.2760,4.2282,4.0953
2025-08-22,4.3600,4.3285,4.2615,4.2025,4.0428
2025-08-25,4.3700,4.3202,4.2671,4.2100,4.0570
2025-08-26,4.3800,4.3115,4.2500,4.1898,4.0330
2025-08-27,4.3600,4.3006,4.2401,4.1832,4.0212
2025-08-28,4.3400,4.2815,4.2216,4.1715,4.0190
2025-08-29,4.3400,4.2687,4.2128,4.1609,4.0069
2025-09-02,4.3900,4.2533,4.2023,4.1520,4.0020
2025-09-03,4.3900,4.2456,4.1894,4.1394,3.9855
2025-09-04,4.4100,4.2275,4.1637,4.1210,3.9558
2025-09-05,4.4200,4.2044,4.1313,4.0718,3.8842
2025-09-08,4.4000,4.1946,4.1210,4.0578,3.8614
2025-09-09,4.4000,4.1890,4.1275,4.0768,3.9016
2025-09-10,4.3900,4.1859,4.1220,4.0664,3.8882
2025-09-11,4.4100,4.1620,4.0863,4.0301,3.8458
2025-09-12,4.4200,4.1704,4.1008,4.0444,3.8625
2025-09-15,4.5100,4.1520,4.0946,4.0408,3.8680
2025-09-16,4.3900,4.1377,4.0820,4.0279,3.8550
2025-09-17,4.3800,4.1509,4.0848,4.0230,3.8511
2025-09-18,4.1400,4.1608,4.0719,4.0104,3.8402
2025-09-19,4.1400,4.1609,4.0713,4.0066,3.8431
2025-09-22,4.1400,4.1640,4.0746,4.0090,3.8546
2025-09-23,4.1200,4.1610,4.0680,3.9980,3.8458
2025-09-24,4.1300,4.1710,4.0717,4.0042,3.8539
2025-09-25,4.1800,4.1675,4.0660,4.0042,3.8756
2025-09-26,4.1600,4.1604,4.0586,3.9911,3.8608
2025-09-29,4.1300,4.1317,4.0471,3.9806,3.8451
2025-09-30,4.2400,4.1330,4.0400,3.9697,3.8296
2025-10-01,4.2000,4.1290,4.0297,3.9489,3.7931
2025-10-02,4.2000,4.1124,4.0240,3.9455,3.7859
2025-10-03,4.1800,4.1070,4.0270,3.9472,3.7980
2025-10-06,4.1500,4.0872,4.0250,3.9453,3.8016
2025-10-07,4.1400,4.0814,4.0178,3.9370,3.7941
2025-10-08,4.1200,4.0776,4.0120,3.9287,3.7957
2025-10-09,4.1300,4.0448,3.9840,3.9123,3.7798
2025-10-10,4.1500,4.0328,3.9759,3.8922,3.7347
2025-10-14,4.1900,4.0429,3.9836,3.8984,3.7370
2025-10-15,4.2900,4.0557,3.9887,3.9006,3.7442
2025-10-16,4.3000,4.0238,3.9400,3.8625,3.6817
2025-10-17,4.1800,4.0100,3.9375,3.8648,3.6991
2025-10-20,4.1600,4.0046,3.9433,3.8699,3.7033
2025-10-21,4.2300,4.0207,3.9520,3.8797,3.7070
2025-10-22,4.2100,4.0160,3.9465,3.8740,3.7040
2025-10-23,4.2400,3.9891,3.9157,3.8602,3.7046
2025-10-24,4.2400,3.9845,3.9065,3.8457,3.6880
2025-10-27,4.2700,3.9758,3.9052,3.8455,3.6959
2025-10-28,4.3100,3.9551,3.8878,3.8332,3.6899
2025-10-29,4.2700,3.9971,3.9502,3.9100,3.8019
2025-10-30,4.0400,3.9936,3.9338,3.8911,3.7882
2025-10-31,4.2200,3.9925,3.9330,3.8876,3.7853
2025-11-03,4.1300,4.0003,3.9373,3.8902,3.7920
2025-11-04,4.0000,3.9878,3.9240,3.8753,3.7732
2025-11-05,3.9100,3.9690,3.9183,3.8766,3.7945
2025-11-06,3.9200,3.9644,3.8917,3.8483,3.7454
2025-11-07,3.9300,3.9650,3.8989,3.8530,3.7518
2025-11-10,3.9500,3.9590,3.9095,3.8656,3.7704
2025-11-12,3.9800,3.9660,3.9160,3.8668,3.7698
2025-11-13,4.0000,3.9644,3.9204,3.8814,3.7863
2025-11-14,3.9500,3.9593,3.9242,3.8847,3.7929
2025-11-17,4.0000,3.9597,3.9320,3.8909,3.8012
2025-11-18,3.9400,3.9477,3.9225,3.8777,3.7795
2025-11-19,3.9100,3.9578,3.9458,3.8945,3.7984
2025-11-20,3.9100,3.9570,3.9380,3.8833,3.7696
2025-11-21,3.9300,3.9358,3.8910,3.8409,3.7420
2025-11-24,3.9600,3.9165,3.8635,3.8180,3.7273
2025-11-25,4.0100,3.8974,3.8448,3.7992,3.7045
2025-11-26,4.0500,3.8764,3.8258,3.7864,3.6975
2025-11-28,4.1200,3.8720,3.8174,3.7785,3.6971
2025-12-01,4.1200,3.8550,3.8073,3.7745,3.6998
2025-12-02,4.0100,3.8401,3.7950,3.7610,3.6835
2025-12-03,3.9500,3.8272,3.7838,3.7489,3.6667
2025-12-04,3.9200,3.8094,3.7704,3.7431,3.6703
2025-12-05,3.9300,3.8060,3.7702,3.7473,3.6795
2025-12-08,3.9500,3.7957,3.7633,3.7437,3.6776
2025-12-09,3.9300,3.7845,3.7564,3.7400,3.6906
2025-12-10,3.9000,3.7559,3.7308,3.7193,3.6560
2025-12-11,3.6600,3.7512,3.7210,3.7097,3.6461
2025-12-12,3.6700,3.7567,3.7220,3.7097,3.6413
2025-12-15,3.7500,3.7435,3.7180,3.7058,3.6315
2025-12-16,3.6900,3.7465,3.7184,3.7073,3.6311
2025-12-17,3.6900,3.7481,3.7146,3.7020,3.6175
2025-12-18,3.6600,3.7462,3.7068,3.6890,3.6032
2025-12-19,3.6600,3.7467,3.7109,3.6949,3.6074
2025-12-22,3.6800,3.7490,3.7140,3.6978,3.6127
2025-12-23,3.6600,3.7390,3.7110,3.6988,3.6280
2025-12-24,3.6600,3.7283,3.7051,3.6868,3.6098
2025-12-26,3.7600,3.7215,3.6920,3.6725,3.5935
2025-12-29,3.7700,3.7080,3.6855,3.6670,3.5886
2025-12-30,3.7100,3.6830,3.6720,3.6567,3.5805
2025-12-31,3.8700,3.6749,3.6695,3.6517,3.5796
2026-01-02,3.7500,3.6757,3.6674,3.6460,3.5750
2026-01-05,3.7000,3.6743,3.6675,3.6463,3.5755
2026-01-06,3.6600,3.6756,3.6693,3.6499,3.5874
2026-01-07,3.6500,3.6780,3.6759,3.6557,3.5922
2026-01-08,3.6400,3.6711,3.6690,3.6500,3.5950
2026-01-09,3.6400,3.6784,3.6850,3.6714,3.6250
2026-01-12,3.6400,3.6794,3.6848,3.6725,3.6288
2026-01-13,3.6500,3.6780,3.6847,3.6739,3.6305
2026-01-14,3.6400,3.6725,3.6810,3.6693,3.6245
2026-01-15,3.6600,3.6710,3.6776,3.6699,3.6341
2026-01-16,3.6500,3.6692,3.6745,3.6684,3.6319
2026-01-20,3.6400,3.6731,3.6794,3.6714,3.6309
2026-01-21,3.6300,3.6710,3.6764,3.6709,3.6366
2026-01-22,3.6400,3.6703,3.6736,3.6700,3.6373
2026-01-23,3.6500,3.6760,3.6754,3.6702,3.6354
2026-01-26,3.6600,3.6750,3.6755,3.6720,3.6369
2026-01-27,3.6600,3.6719,3.6715,3.6662,3.6252
2026-01-28,3.6400,3.6700,3.6731,3.6691,3.6315
2026-01-29,3.6500,3.6690,3.6668,3.6603,3.6174
2026-01-30,3.6800,3.6708,3.6673,3.6600,3.6100
2026-02-02,3.6900,3.6697,3.6695,3.6663,3.6273
2026-02-03,3.6900,3.6730,3.6715,3.6669,3.6268
2026-02-04,3.6500,3.6670,3.6651,3.6600,3.6197
2026-02-05,3.6500,3.6645,3.6488,3.6313,3.5568
2026-02-06,3.6400,3.6627,3.6516,3.6412,3.5811
2026-02-09,3.6300,3.6595,3.6498,3.6399,3.5753
2026-02-10,3.6500,3.6602,3.6461,3.6333,3.5611
2026-02-11,3.6500,3.6600,3.6600,3.6570,3.6105
2026-02-12,3.6500,3.6655,3.6628,3.6547,3.5958
2026-02-13,3.6600,3.6641,3.6618,3.6526,3.5866
2026-02-17,3.7100,3.6709,3.6667,3.6597,3.6025
2026-02-18,3.7300,3.6768,3.6740,3.6674,3.6112
2026-02-19,3.6700,3.6722,3.6726,3.6645,3.6110
2026-02-20,3.6600,3.6737,3.6763,3.6711,3.6247
2026-02-23,3.6600,3.6762,3.6785,3.6722,3.6214
2026-02-24,3.6700,3.6711,3.6757,3.6706,3.6250
2026-02-25,3.6700,3.6691,3.6730,3.6680,3.6270
2026-02-26,3.6700,3.6672,3.6665,3.6608,3.6095
2026-02-27,3.6800,3.6651,3.6620,3.6544,3.5946
2026-03-02,3.7100,3.6715,3.6720,3.6666,3.6196
2026-03-03,3.7000,3.6753,3.6757,3.6703,3.6277
2026-03-04,3.6700,3.6734,3.6753,3.6731,3.6409
2026-03-05,3.6600,3.6690,3.6697,3.6683,3.6399
2026-03-06,3.6500,3.6731,3.6723,3.6666,3.6177
2026-03-09,3.6500,3.6740,3.6737,3.6719,3.6251
2026-03-10,3.6400,3.6735,3.6746,3.6743,3.6372
2026-03-11,3.6400,3.6759,3.6780,3.6781,3.6496
2026-03-12,3.6500,3.6827,3.6840,3.6849,3.6700
2026-03-13,3.6500,3.6830,3.6855,3.6890,3.6702
2026-03-16,3.7000,3.6765,3.6820,3.6874,3.6690
2026-03-17,3.6500,3.6761,3.6817,3.6865,3.6696
2026-03-18,3.6200,3.6815,3.6903,3.6985,3.7047
2026-03-19,3.6200,3.6777,3.6916,3.7013,3.7167
2026-03-20,3.6200,3.6798,3.7038,3.7188,3.7580
2026-03-23,3.6200,3.6786,3.6941,3.7059,3.7300
2026-03-24,3.6300,3.6770,3.6929,3.7057,3.7401
2026-03-25,3.6400,3.6737,3.6882,3.7017,3.7337
2026-03-26,3.6500,3.6670,3.6828,3.7003,3.7535
2026-03-27,3.6300,3.6635,3.6740,3.6873,3.7180
2026-03-30,3.6300,3.6628,3.6753,3.6832,3.7002
2026-03-31,3.6800,3.6609,3.6705,3.6768,3.6830
2026-04-01,3.6500,3.6590,3.6694,3.6772,3.6920
2026-04-02,3.6600,3.6613,3.6704,3.6752,3.6858
2026-04-06,3.6500,3.6581,3.6696,3.6782,3.7015
2026-04-07,3.6200,3.6563,3.6678,3.6730,3.6820
2026-04-08,3.5900,3.6504,3.6625,3.6715,3.6902
2026-04-09,3.5700,3.6505,3.6611,3.6718,3.6892
2026-04-10,3.6100,3.6544,3.6649,3.6741,3.6893
2026-04-13,3.6300,3.6650,3.6699,3.6796,3.6910
2026-04-14,3.6600,3.6648,3.6693,3.6776,3.6868
2026-04-15,3.7200,3.6584,3.6648,3.6751,3.6867
2026-04-16,3.6700,3.6550,3.6629,3.6705,3.6820
2026-04-17,3.6500,3.6500,3.6578,3.6647,3.6626
2026-04-20,3.6300,3.6488,3.6566,3.6657,3.6705
2026-04-21,3.6300,3.6520,3.6595,3.6677,3.6810
2026-04-22,3.6400,3.6531,3.6596,3.6665,3.6795
2026-04-23,3.6500,3.6555,3.6639,3.6707,3.6830
2026-04-24,3.6600,3.6557,3.6625,3.6673,3.6676
2026-04-27,3.6600,3.6502,3.6575,3.6634,3.6721
2026-04-28,3.6400,3.6470,3.6560,3.6632,3.6735
2026-04-29,3.6300,3.6478,3.6572,3.6662,3.6870
2026-04-30,3.6600,3.6467,3.6535,3.6568,3.6695
2026-05-01,3.6400,3.6432,3.6505,3.6544,3.6671
2026-05-04,3.6300,3.6416,3.6498,3.6552,3.6765
2026-05-05,3.6200,3.6405,3.6485,3.6537,3.6750
2026-05-06,3.6100,3.6382,3.6449,3.6488,3.6612
2026-05-07,3.6000,3.6342,3.6412,3.6472,3.6685
2026-05-08,3.6000,3.6328,3.6385,3.6438,3.6620
2026-05-11,3.6000,3.6305,3.6395,3.6495,3.6791
2026-05-12,3.6000,3.6278,3.6404,3.6511,3.6866
2026-05-13,3.5900,3.6235,3.6371,3.6491,3.6869
2026-05-14,3.5600,3.6110,3.6291,3.6421,3.6877
2026-05-15,3.5500,3.6030,3.6240,3.6406,3.6909
2026-05-18,3.5300,3.5947,3.6221,3.6407,3.6876
2026-05-19,3.5100,3.5763,3.6074,3.6328,3.7022
2026-05-20,3.5000,3.5789,3.6109,3.6355,3.6970
2026-05-21,3.5100,3.6060,3.6315,3.6584,3.7294
2026-05-22,3.5500,3.6179,3.6385,3.6635,3.7412
2026-05-26,3.6300,3.6194,3.6371,3.6604,3.7218
2026-05-27,3.6300,3.6215,3.6374,3.6580,3.7156
2026-05-28,3.6200,3.6200,3.6405,3.6578,3.7145
2026-05-29,3.6300,3.6165,3.6377,3.6547,3.7056
2026-06-01,3.6500,3.6150,3.6323,3.6523,3.7100
2026-06-02,3.6300,3.6125,3.6307,3.6479,3.7066
2026-06-03,3.6100,3.6103,3.6296,3.6507,3.7161
2026-06-04,3.6200,3.6153,3.6345,3.6495,3.7047
2026-06-05,3.6300,3.6194,3.6412,3.6607,3.7385
2026-06-08,3.6300,3.6204,3.6439,3.6651,3.7510
2026-06-09,3.6000,3.6199,3.6420,3.6612,3.7401
2026-06-10,3.5900,3.6187,3.6430,3.6651,3.7490
2026-06-11,3.6000,3.6257,3.6483,3.6628,3.7252
2026-06-12,3.6500,3.6283,3.6488,3.6634,3.7292
2026-06-15,3.6900,3.6296,3.6500,3.6661,3.7324
2026-06-16,3.6300,3.6298,3.6538,3.6696,3.7350
2026-06-17,3.6300,3.6438,3.6903,3.7237,3.8441
2026-06-18,3.6200,3.6455,3.6960,3.7312,3.8583
2026-06-22,3.6100,3.6480,3.6987,3.7377,3.8761
2026-06-23,3.6200,3.6510,3.7010,3.7391,3.8725
2026-06-24,3.6200,3.6522,3.6996,3.7395,3.8572
2026-06-25,3.6400,3.6432,3.6956,3.7305,3.8460
2026-06-26,3.6200,3.6368,3.6870,3.7219,3.8303
2026-06-29,3.6200,3.6548,3.6971,3.7340,3.8510
2026-06-30,3.6800,3.6571,3.7020,3.7438,3.8730
2026-07-01,3.6600,3.6644,3.7037,3.7446,3.8662
2026-07-02,3.6400,3.6600,3.6881,3.7213,3.8274
2026-07-06,3.6300,3.6715,3.6991,3.7364,3.8379
2026-07-07,3.6200,3.6723,3.7029,3.7474,3.8670
2026-07-08,3.5800,3.6659,3.7025,3.7570,3.8830
2026-07-09,3.5300,3.6586,3.6877,3.7383,3.8589
2026-07-10,3.5500,3.6830,3.7133,3.7672,3.8925
